# campaign: 2024-09-08 00:00:00+00:00 2024-09-30 00:00:00+00:00
# time[s] T_n8cm[˚C] T_n15cm[˚C] T_n23cm[˚C] theta_n8cm[-] theta_n23cm[-]
0.0 16.5 16.75 16.145833333333332 0.09845517610610015 0.08886045359576637
600.0 16.493055555555557 16.71527777777778 16.145833333333332 0.0984324151381257 0.08886045359576637
1200.0 16.48611111111111 16.680555555555554 16.145833333333332 0.09840965417015125 0.08886045359576637
1800.0 16.479166666666668 16.645833333333332 16.145833333333332 0.0983868932021768 0.08886045359576637
2400.0 16.458333333333336 16.645833333333332 16.145833333333332 0.09831861029825346 0.08886045359576637
3000.0 16.4375 16.645833333333332 16.145833333333332 0.09825032739433014 0.08886045359576637
3600.0 16.416666666666668 16.645833333333332 16.145833333333332 0.0981820444904068 0.08886045359576637
4200.0 16.395833333333336 16.631944444444443 16.13888888888889 0.09820480545838124 0.08886045359576637
4800.0 16.375 16.618055555555557 16.131944444444443 0.09822756642635569 0.08886045359576637
5400.0 16.354166666666668 16.604166666666668 16.125 0.09825032739433014 0.08886045359576637
6000.0 16.34027777777778 16.59027777777778 16.125 0.09818204449040681 0.08886045359576637
6600.0 16.32638888888889 16.57638888888889 16.125 0.09811376158648347 0.08886045359576637
7200.0 16.3125 16.5625 16.125 0.09804547868256014 0.08886045359576637
7800.0 16.28472222222222 16.541666666666668 16.118055555555557 0.0980227177145857 0.08884387875520526
8400.0 16.256944444444446 16.520833333333332 16.11111111111111 0.09799995674661127 0.08882730391464415
9000.0 16.229166666666668 16.5 16.104166666666668 0.09797719577863684 0.08881072907408304
9600.0 16.22222222222222 16.493055555555557 16.104166666666668 0.0979089128747135 0.08879415423352192
10200.0 16.21527777777778 16.48611111111111 16.104166666666668 0.09784062997079016 0.08877757939296081
10800.0 16.208333333333332 16.479166666666668 16.104166666666668 0.09777234706686681 0.0887610045523997
11400.0 16.180555555555554 16.46527777777778 16.09027777777778 0.09777234706686681 0.0887610045523997
12000.0 16.15277777777778 16.45138888888889 16.07638888888889 0.09777234706686681 0.0887610045523997
12600.0 16.125 16.4375 16.0625 0.09777234706686681 0.0887610045523997
13200.0 16.118055555555557 16.416666666666668 16.0625 0.09772682513091792 0.0887610045523997
13800.0 16.11111111111111 16.395833333333332 16.0625 0.09768130319496902 0.0887610045523997
14400.0 16.104166666666668 16.375 16.0625 0.09763578125902013 0.0887610045523997
15000.0 16.069444444444446 16.36111111111111 16.055555555555557 0.09761302029104568 0.08874442971183859
15600.0 16.03472222222222 16.34722222222222 16.04861111111111 0.09759025932307125 0.08872785487127748
16200.0 16.0 16.333333333333332 16.041666666666668 0.0975674983550968 0.08871128003071636
16800.0 16.0 16.32638888888889 16.03472222222222 0.09752197641914792 0.08871128003071636
17400.0 16.0 16.319444444444443 16.02777777777778 0.09747645448319903 0.08871128003071636
18000.0 16.0 16.3125 16.020833333333332 0.09743093254725015 0.08871128003071636
18600.0 15.965277777777779 16.291666666666668 16.01388888888889 0.09743093254725015 0.08871128003071636
19200.0 15.930555555555555 16.270833333333332 16.006944444444443 0.09743093254725015 0.08871128003071636
19800.0 15.895833333333334 16.25 16.0 0.09743093254725015 0.08871128003071636
20400.0 15.881944444444445 16.243055555555557 16.0 0.09747645448319903 0.08871128003071636
21000.0 15.868055555555555 16.23611111111111 16.0 0.09752197641914792 0.08871128003071636
21600.0 15.854166666666666 16.229166666666668 16.0 0.0975674983550968 0.08871128003071636
22200.0 15.840277777777777 16.21527777777778 16.0 0.09770406416294349 0.08872785487127748
22800.0 15.82638888888889 16.20138888888889 16.0 0.09784062997079016 0.08874442971183859
23400.0 15.8125 16.1875 16.0 0.09797719577863684 0.0887610045523997
24000.0 15.8125 16.180555555555557 16.0 0.0980682396505346 0.08872785487127748
24600.0 15.8125 16.17361111111111 16.0 0.09815928352243238 0.08869470519015527
25200.0 15.8125 16.166666666666668 16.0 0.09825032739433014 0.08866155550903304
25800.0 15.805555555555555 16.17361111111111 15.993055555555555 0.09838689320217682 0.08864498066847193
26400.0 15.79861111111111 16.180555555555557 15.98611111111111 0.09852345901002349 0.08862840582791082
27000.0 15.791666666666666 16.1875 15.979166666666666 0.09866002481787017 0.0886118309873497
27600.0 15.805555555555555 16.194444444444443 15.972222222222221 0.09879659062571683 0.0886118309873497
28200.0 15.819444444444445 16.20138888888889 15.965277777777779 0.09893315643356347 0.0886118309873497
28800.0 15.833333333333334 16.208333333333332 15.958333333333334 0.09906972224141013 0.0886118309873497
29400.0 15.854166666666668 16.21527777777778 15.95138888888889 0.0992062880492568 0.0886118309873497
30000.0 15.875 16.22222222222222 15.944444444444445 0.09934285385710345 0.0886118309873497
30600.0 15.895833333333334 16.229166666666668 15.9375 0.09947941966495012 0.0886118309873497
31200.0 15.916666666666668 16.25 15.9375 0.09957046353684791 0.0886118309873497
31800.0 15.9375 16.270833333333336 15.9375 0.0996615074087457 0.0886118309873497
32400.0 15.958333333333334 16.291666666666668 15.9375 0.09975255128064349 0.0886118309873497
33000.0 15.986111111111112 16.305555555555557 15.92361111111111 0.09982083418456682 0.08857868130622748
33600.0 16.01388888888889 16.319444444444443 15.909722222222223 0.09988911708849015 0.08854553162510526
34200.0 16.041666666666668 16.333333333333332 15.895833333333334 0.09995739999241347 0.08851238194398303
34800.0 16.07638888888889 16.354166666666664 15.895833333333334 0.10007120483228571 0.08851238194398303
35400.0 16.11111111111111 16.375 15.895833333333334 0.10018500967215793 0.08851238194398303
36000.0 16.145833333333332 16.395833333333332 15.895833333333334 0.10029881451203017 0.08851238194398303
36600.0 16.17361111111111 16.416666666666664 15.895833333333334 0.10043538031987682 0.08851238194398303
37200.0 16.20138888888889 16.4375 15.895833333333334 0.10057194612772348 0.08851238194398303
37800.0 16.229166666666668 16.458333333333332 15.895833333333334 0.10070851193557014 0.08851238194398303
38400.0 16.270833333333336 16.48611111111111 15.895833333333334 0.10086783871139124 0.08847923226286081
39000.0 16.3125 16.51388888888889 15.895833333333334 0.10102716548721233 0.08844608258173858
39600.0 16.354166666666668 16.541666666666668 15.895833333333334 0.10118649226303343 0.08841293290061636
40200.0 16.38888888888889 16.5625 15.902777777777779 0.10123201419898231 0.08841293290061636
40800.0 16.42361111111111 16.583333333333336 15.909722222222221 0.10127753613493118 0.08841293290061636
41400.0 16.458333333333332 16.604166666666668 15.916666666666666 0.10132305807088006 0.08841293290061636
42000.0 16.493055555555554 16.645833333333336 15.92361111111111 0.1013458190388545 0.08841293290061636
42600.0 16.52777777777778 16.6875 15.930555555555555 0.10136858000682895 0.08841293290061636
43200.0 16.5625 16.729166666666668 15.9375 0.1013913409748034 0.08841293290061636
43800.0 16.604166666666668 16.75 15.944444444444445 0.10145962387872673 0.08841293290061636
44400.0 16.645833333333332 16.770833333333336 15.95138888888889 0.10152790678265007 0.08841293290061636
45000.0 16.6875 16.791666666666668 15.958333333333334 0.1015961896865734 0.08841293290061636
45600.0 16.72222222222222 16.805555555555557 15.958333333333334 0.1016417116225223 0.08839635806005525
46200.0 16.756944444444446 16.819444444444443 15.958333333333334 0.10168723355847117 0.08837978321949415
46800.0 16.791666666666668 16.833333333333332 15.958333333333334 0.10173275549442007 0.08836320837893304
47400.0 16.819444444444446 16.868055555555554 15.965277777777779 0.10170999452644562 0.08834663353837192
48000.0 16.84722222222222 16.90277777777778 15.972222222222221 0.10168723355847117 0.0883300586978108
48600.0 16.875 16.9375 15.979166666666666 0.10166447259049673 0.08831348385724969
49200.0 16.916666666666668 16.958333333333332 15.98611111111111 0.10159618968657338 0.08829690901668857
49800.0 16.958333333333332 16.979166666666668 15.993055555555555 0.10152790678265006 0.08828033417612748
50400.0 17.0 17.0 16.0 0.10145962387872672 0.08826375933556636
51000.0 17.01388888888889 17.01388888888889 16.006944444444443 0.1013913409748034 0.08826375933556636
51600.0 17.02777777777778 17.02777777777778 16.01388888888889 0.10132305807088007 0.08826375933556636
52200.0 17.041666666666668 17.041666666666668 16.020833333333332 0.10125477516695676 0.08826375933556636
52800.0 17.069444444444446 17.055555555555557 16.03472222222222 0.10118649226303342 0.08824718449500525
53400.0 17.09722222222222 17.069444444444443 16.04861111111111 0.10111820935911008 0.08823060965444414
54000.0 17.125 17.083333333333332 16.0625 0.10104992645518673 0.08821403481388303
54600.0 17.131944444444443 17.104166666666664 16.0625 0.10100440451923784 0.08821403481388303
55200.0 17.13888888888889 17.125 16.0625 0.10095888258328896 0.08821403481388303
55800.0 17.145833333333332 17.145833333333332 16.0625 0.10091336064734006 0.08821403481388303
56400.0 17.166666666666664 17.15277777777778 16.07638888888889 0.10084507774341675 0.08821403481388303
57000.0 17.1875 17.15972222222222 16.09027777777778 0.10077679483949345 0.08821403481388303
57600.0 17.208333333333332 17.166666666666668 16.104166666666668 0.10070851193557014 0.08821403481388303
58200.0 17.22222222222222 17.166666666666668 16.11111111111111 0.10066298999962127 0.08821403481388303
58800.0 17.23611111111111 17.166666666666668 16.118055555555557 0.1006174680636724 0.08821403481388303
59400.0 17.25 17.166666666666668 16.125 0.10057194612772354 0.08821403481388303
60000.0 17.25 17.17361111111111 16.125 0.10050366322380018 0.08821403481388303
60600.0 17.25 17.180555555555557 16.125 0.10043538031987682 0.08821403481388303
61200.0 17.25 17.1875 16.125 0.10036709741595347 0.08821403481388303
61800.0 17.25 17.194444444444443 16.125 0.1002760535440557 0.08821403481388303
62400.0 17.25 17.20138888888889 16.125 0.1001850096721579 0.08821403481388303
63000.0 17.25 17.208333333333332 16.125 0.10009396580026013 0.08821403481388303
63600.0 17.243055555555557 17.20138888888889 16.131944444444443 0.10000292192836235 0.08821403481388303
64200.0 17.23611111111111 17.194444444444443 16.13888888888889 0.09991187805646456 0.08821403481388303
64800.0 17.229166666666668 17.1875 16.145833333333332 0.09982083418456679 0.08821403481388303
65400.0 17.22222222222222 17.180555555555557 16.15277777777778 0.09977531224861792 0.08821403481388303
66000.0 17.21527777777778 17.17361111111111 16.15972222222222 0.09972979031266906 0.08821403481388303
66600.0 17.208333333333332 17.166666666666668 16.166666666666668 0.09968426837672019 0.08821403481388303
67200.0 17.20138888888889 17.166666666666668 16.180555555555557 0.09968426837672019 0.08821403481388303
67800.0 17.194444444444443 17.166666666666668 16.194444444444443 0.09968426837672019 0.08821403481388303
68400.0 17.1875 17.166666666666668 16.208333333333332 0.09968426837672019 0.08821403481388303
69000.0 17.180555555555557 17.166666666666668 16.208333333333332 0.09966150740874574 0.08821403481388303
69600.0 17.17361111111111 17.166666666666668 16.208333333333332 0.09963874644077131 0.08821403481388303
70200.0 17.166666666666668 17.166666666666668 16.208333333333332 0.09961598547279686 0.08821403481388303
70800.0 17.15277777777778 17.15972222222222 16.21527777777778 0.09961598547279686 0.08821403481388303
71400.0 17.13888888888889 17.15277777777778 16.22222222222222 0.09961598547279686 0.08821403481388303
72000.0 17.125 17.145833333333332 16.229166666666668 0.09961598547279686 0.08821403481388303
72600.0 17.118055555555557 17.13888888888889 16.229166666666668 0.09957046353684795 0.08823060965444414
73200.0 17.11111111111111 17.131944444444443 16.229166666666668 0.09952494160089903 0.08824718449500525
73800.0 17.104166666666668 17.125 16.229166666666668 0.09947941966495012 0.08826375933556636
74400.0 17.09027777777778 17.125 16.23611111111111 0.09947941966495012 0.08826375933556636
75000.0 17.07638888888889 17.125 16.243055555555557 0.09947941966495012 0.08826375933556636
75600.0 17.0625 17.125 16.25 0.09947941966495012 0.08826375933556636
76200.0 17.055555555555557 17.118055555555557 16.25 0.09945665869697567 0.08826375933556636
76800.0 17.04861111111111 17.11111111111111 16.25 0.09943389772900124 0.08826375933556636
77400.0 17.041666666666668 17.104166666666668 16.25 0.0994111367610268 0.08826375933556636
78000.0 17.041666666666668 17.104166666666668 16.25 0.09932009288912902 0.08826375933556636
78600.0 17.041666666666668 17.104166666666668 16.25 0.09922904901723126 0.08826375933556636
79200.0 17.041666666666668 17.104166666666668 16.25 0.09913800514533348 0.08826375933556636
79800.0 17.03472222222222 17.083333333333336 16.25 0.09913800514533348 0.08826375933556636
80400.0 17.02777777777778 17.0625 16.25 0.09913800514533348 0.08826375933556636
81000.0 17.020833333333332 17.041666666666668 16.25 0.09913800514533348 0.08826375933556636
81600.0 17.006944444444443 17.041666666666668 16.25 0.09909248320938459 0.08826375933556636
82200.0 16.993055555555557 17.041666666666668 16.25 0.0990469612734357 0.08826375933556636
82800.0 16.979166666666668 17.041666666666668 16.25 0.0990014393374868 0.08826375933556636
83400.0 16.96527777777778 17.041666666666668 16.25 0.09897867836951235 0.08826375933556636
84000.0 16.95138888888889 17.041666666666668 16.25 0.09895591740153792 0.08826375933556636
84600.0 16.9375 17.041666666666668 16.25 0.09893315643356347 0.08826375933556636
85200.0 16.930555555555557 17.02777777777778 16.25 0.09886487352964014 0.08826375933556636
85800.0 16.92361111111111 17.01388888888889 16.25 0.09879659062571682 0.08826375933556636
86400.0 16.916666666666668 17.0 16.25 0.09872830772179349 0.08826375933556636
87000.0 16.895833333333336 17.0 16.25 0.09870554675381905 0.08826375933556636
87600.0 16.875 17.0 16.25 0.0986827857858446 0.08826375933556636
88200.0 16.854166666666668 17.0 16.25 0.09866002481787017 0.08826375933556636
88800.0 16.84722222222222 16.98611111111111 16.25 0.09861450288192126 0.08826375933556636
89400.0 16.84027777777778 16.97222222222222 16.25 0.09856898094597237 0.08826375933556636
90000.0 16.833333333333332 16.958333333333332 16.25 0.09852345901002346 0.08826375933556636
90600.0 16.833333333333332 16.944444444444443 16.25 0.09852345901002346 0.08826375933556636
91200.0 16.833333333333332 16.930555555555557 16.25 0.09852345901002346 0.08826375933556636
91800.0 16.833333333333332 16.916666666666668 16.25 0.09852345901002346 0.08826375933556636
92400.0 16.805555555555554 16.916666666666668 16.25 0.09843241513812569 0.08826375933556636
93000.0 16.77777777777778 16.916666666666668 16.25 0.09834137126622791 0.08826375933556636
93600.0 16.75 16.916666666666668 16.25 0.09825032739433014 0.08826375933556636
94200.0 16.73611111111111 16.90277777777778 16.25 0.09818204449040682 0.08826375933556636
94800.0 16.72222222222222 16.88888888888889 16.25 0.0981137615864835 0.08826375933556636
95400.0 16.708333333333332 16.875 16.25 0.09804547868256018 0.08826375933556636
96000.0 16.694444444444443 16.868055555555557 16.25 0.09804547868256017 0.09030246472458303
96600.0 16.680555555555557 16.86111111111111 16.25 0.09804547868256015 0.09234117011359969
97200.0 16.666666666666668 16.854166666666668 16.25 0.09804547868256014 0.09437987550261635
97800.0 16.65277777777778 16.833333333333336 16.25 0.09804547868256014 0.09928602830870524
98400.0 16.63888888888889 16.8125 16.25 0.09804547868256014 0.10419218111479414
99000.0 16.625 16.791666666666668 16.25 0.09804547868256014 0.10909833392088303
99600.0 16.618055555555557 16.77777777777778 16.243055555555557 0.09804547868256014 0.11017569855735526
100200.0 16.61111111111111 16.76388888888889 16.23611111111111 0.09804547868256014 0.11125306319382748
100800.0 16.604166666666668 16.75 16.229166666666668 0.09804547868256014 0.11233042783029971
101400.0 16.59027777777778 16.743055555555557 16.22222222222222 0.09797719577863681 0.11256247559815527
102000.0 16.57638888888889 16.73611111111111 16.21527777777778 0.0979089128747135 0.11279452336601081
102600.0 16.5625 16.729166666666668 16.208333333333332 0.09784062997079017 0.11302657113386637
103200.0 16.541666666666668 16.694444444444446 16.208333333333332 0.09929733192115461 0.12461238468608303
103800.0 16.520833333333332 16.65972222222222 16.208333333333332 0.10075403387151906 0.1361981982382997
104400.0 16.5 16.625 16.208333333333332 0.1022107358218835 0.14778401179051637
105000.0 16.493055555555557 16.625 16.20138888888889 0.11620873112616684 0.14867905318081637
105600.0 16.48611111111111 16.625 16.194444444444443 0.13020672643045017 0.14957409457111637
106200.0 16.479166666666668 16.625 16.1875 0.1442047217347335 0.15046913596141637
106800.0 16.458333333333336 16.61111111111111 16.1875 0.1457979894929446 0.15003819010682748
107400.0 16.4375 16.59722222222222 16.1875 0.1473912572511557 0.1496072442522386
108000.0 16.416666666666668 16.583333333333332 16.1875 0.1489845250093668 0.1491762983976497
108600.0 16.38888888888889 16.458333333333332 16.180555555555557 0.16539518291894123 0.1527564639588497
109200.0 16.36111111111111 16.333333333333332 16.17361111111111 0.18180584082851564 0.1563366295200497
109800.0 16.333333333333332 16.208333333333332 16.166666666666668 0.19821649873809008 0.1599167950812497
110400.0 16.25 16.083333333333332 16.145833333333336 0.19855791325770675 0.1609444351960386
111000.0 16.166666666666664 15.958333333333334 16.125 0.19889932777732341 0.16197207531082747
111600.0 16.083333333333332 15.833333333333334 16.104166666666668 0.19924074229694008 0.16299971542561636
112200.0 16.04861111111111 15.75 16.0625 0.19962767875250564 0.1636129845263775
112800.0 16.01388888888889 15.666666666666668 16.020833333333332 0.20001461520807118 0.16422625362713858
113400.0 15.979166666666666 15.583333333333334 15.979166666666666 0.20040155166363674 0.1648395227278997
114000.0 15.95138888888889 15.506944444444445 15.958333333333332 0.20085677102312563 0.1652704685824886
114600.0 15.92361111111111 15.430555555555555 15.9375 0.20131199038261452 0.16570141443707748
115200.0 15.895833333333334 15.354166666666666 15.916666666666666 0.2017672097421034 0.16613236029166636
115800.0 15.868055555555555 15.36111111111111 15.895833333333332 0.20204034135779675 0.17685628213470525
116400.0 15.840277777777779 15.368055555555555 15.875 0.20231347297349006 0.18758020397774414
117000.0 15.8125 15.375 15.854166666666666 0.2025866045891834 0.19830412582078302
117600.0 15.791666666666666 15.354166666666666 15.840277777777777 0.20388397976372674 0.20105554935392747
118200.0 15.770833333333334 15.333333333333334 15.82638888888889 0.20518135493827006 0.2038069728870719
118800.0 15.75 15.3125 15.8125 0.2064787301128134 0.20655839642021634
119400.0 15.729166666666666 15.3125 15.791666666666666 0.2063876862409156 0.2064920970579719
120000.0 15.708333333333334 15.3125 15.770833333333334 0.20629664236901785 0.20642579769572744
120600.0 15.6875 15.3125 15.75 0.20620559849712006 0.206359498333483
121200.0 15.680555555555555 15.340277777777779 15.75 0.20124370747869116 0.20302795538069965
121800.0 15.67361111111111 15.368055555555555 15.75 0.1962818164602623 0.19969641242791633
122400.0 15.666666666666666 15.395833333333334 15.75 0.1913199254418334 0.19636486947513299
123000.0 15.645833333333332 15.430555555555555 15.75 0.18897554574046563 0.1936963201447941
123600.0 15.625 15.465277777777779 15.75 0.18663116603909785 0.1910277708144552
124200.0 15.604166666666666 15.5 15.75 0.18428678633773007 0.18835922148411632
124800.0 15.597222222222221 15.527777777777779 15.743055555555555 0.18173755792459229 0.1871326832825941
125400.0 15.590277777777779 15.555555555555555 15.73611111111111 0.17918832951145452 0.18590614508107187
126000.0 15.583333333333334 15.583333333333334 15.729166666666666 0.17663910109831674 0.18467960687954965
126600.0 15.583333333333334 15.590277777777779 15.722222222222221 0.1738622630054345 0.17916018497269967
127200.0 15.583333333333334 15.597222222222221 15.715277777777779 0.1710854249125523 0.17364076306584966
127800.0 15.583333333333334 15.604166666666666 15.708333333333334 0.16830858681967006 0.16812134115899968
128400.0 15.583333333333334 15.618055555555555 15.715277777777779 0.16610077292614894 0.162651643773833
129000.0 15.583333333333334 15.631944444444445 15.722222222222221 0.16389295903262785 0.15718194638866637
129600.0 15.583333333333334 15.645833333333334 15.729166666666666 0.16168514513910673 0.1517122490034997
130200.0 15.57638888888889 15.659722222222223 15.73611111111111 0.16025120415671673 0.14910999903540526
130800.0 15.569444444444445 15.67361111111111 15.743055555555555 0.15881726317432673 0.14650774906731082
131400.0 15.5625 15.6875 15.75 0.15738332219193674 0.14390549909921638
132000.0 15.569444444444445 15.694444444444445 15.75 0.15638183960106117 0.14248006281096082
132600.0 15.57638888888889 15.70138888888889 15.75 0.15538035701018563 0.14105462652270526
133200.0 15.583333333333334 15.708333333333334 15.75 0.15437887441931006 0.1396291902344497
133800.0 15.583333333333334 15.722222222222223 15.75 0.1537870892519745 0.13894962177144415
134400.0 15.583333333333334 15.73611111111111 15.75 0.15319530408463894 0.13827005330843858
135000.0 15.583333333333334 15.75 15.75 0.1526035189173034 0.13759048484543304
135600.0 15.590277777777779 15.756944444444445 15.75 0.15205725568591671 0.13710981446916082
136200.0 15.597222222222221 15.76388888888889 15.75 0.15151099245453006 0.13662914409288857
136800.0 15.604166666666666 15.770833333333334 15.75 0.15096472922314338 0.13614847371661634
137400.0 15.604166666666666 15.784722222222223 15.75 0.1505095098636545 0.1357672523837108
138000.0 15.604166666666666 15.79861111111111 15.75 0.15005429050416563 0.13538603105080527
138600.0 15.604166666666666 15.8125 15.75 0.14959907114467674 0.13500480971789972
139200.0 15.61111111111111 15.8125 15.743055555555555 0.14921213468911118 0.13470646258779972
139800.0 15.618055555555555 15.8125 15.73611111111111 0.14882519823354562 0.1344081154576997
140400.0 15.625 15.8125 15.729166666666666 0.14843826177798006 0.13410976832759972
141000.0 15.625 15.82638888888889 15.729166666666666 0.1480968472583634 0.1337948463569386
141600.0 15.625 15.840277777777777 15.729166666666666 0.14775543273874672 0.13347992438627748
142200.0 15.625 15.854166666666666 15.729166666666666 0.14741401821913006 0.13316500241561638
142800.0 15.631944444444445 15.854166666666666 15.729166666666666 0.14716364757141118 0.1328666552855164
143400.0 15.63888888888889 15.854166666666666 15.729166666666666 0.1469132769236923 0.13256830815541637
144000.0 15.645833333333334 15.854166666666666 15.729166666666666 0.14666290627597342 0.13226996102531638
144600.0 15.645833333333334 15.854166666666666 15.729166666666666 0.14643529659622898 0.13207106293858303
145200.0 15.645833333333334 15.854166666666666 15.729166666666666 0.14620768691648453 0.13187216485184972
145800.0 15.645833333333334 15.854166666666666 15.729166666666666 0.14598007723674009 0.13167326676511637
146400.0 15.645833333333334 15.854166666666666 15.729166666666666 0.14577522852497007 0.13149094351894414
147000.0 15.645833333333334 15.854166666666666 15.729166666666666 0.1455703798132001 0.13130862027277193
147600.0 15.645833333333334 15.854166666666666 15.729166666666666 0.14536553110143008 0.1311262970265997
148200.0 15.631944444444445 15.847222222222221 15.722222222222221 0.14518344335763453 0.13094397378042746
148800.0 15.618055555555555 15.840277777777779 15.715277777777779 0.14500135561383895 0.13076165053425526
149400.0 15.604166666666666 15.833333333333334 15.708333333333334 0.1448192678700434 0.13057932728808302
150000.0 15.597222222222221 15.833333333333334 15.708333333333334 0.14468270206219674 0.1304135788824719
150600.0 15.590277777777779 15.833333333333334 15.708333333333334 0.14454613625435006 0.1302478304768608
151200.0 15.583333333333334 15.833333333333334 15.708333333333334 0.1444095704465034 0.1300820820712497
151800.0 15.583333333333334 15.82638888888889 15.708333333333334 0.14427300463865672 0.12989975882507748
152400.0 15.583333333333334 15.819444444444445 15.708333333333334 0.14413643883081007 0.12971743557890525
153000.0 15.583333333333334 15.8125 15.708333333333334 0.14399987302296338 0.12953511233273304
153600.0 15.583333333333334 15.8125 15.70138888888889 0.14384054624714226 0.12940251360824415
154200.0 15.583333333333334 15.8125 15.694444444444445 0.14368121947132118 0.12926991488375525
154800.0 15.583333333333334 15.8125 15.6875 0.14352189269550006 0.12913731615926635
155400.0 15.57638888888889 15.8125 15.6875 0.14340808785562784 0.12900471743477746
156000.0 15.569444444444445 15.8125 15.6875 0.1432942830157556 0.12887211871028859
156600.0 15.5625 15.8125 15.6875 0.1431804781758834 0.1287395199857997
157200.0 15.54861111111111 15.79861111111111 15.6875 0.14304391236803674 0.1286069212613108
157800.0 15.534722222222223 15.784722222222223 15.6875 0.14290734656019005 0.12847432253682192
158400.0 15.520833333333334 15.770833333333334 15.6875 0.1427707807523434 0.12834172381233303
159000.0 15.506944444444445 15.76388888888889 15.6875 0.1426797368804456 0.12819255024728304
159600.0 15.493055555555555 15.756944444444445 15.6875 0.14258869300854785 0.12804337668223303
160200.0 15.479166666666666 15.75 15.6875 0.14249764913665006 0.12789420311718305
160800.0 15.465277777777777 15.75 15.6875 0.1423610833288034 0.12779475407381638
161400.0 15.45138888888889 15.75 15.6875 0.14222451752095672 0.1276953050304497
162000.0 15.4375 15.75 15.6875 0.14208795171311006 0.12759585598708303
162600.0 15.42361111111111 15.743055555555555 15.6875 0.14197414687323784 0.12746325726259414
163200.0 15.409722222222223 15.73611111111111 15.6875 0.14186034203336562 0.12733065853810527
163800.0 15.395833333333334 15.729166666666666 15.6875 0.1417465371934934 0.12719805981361637
164400.0 15.38888888888889 15.715277777777777 15.694444444444445 0.1416554933215956 0.12706546108912747
165000.0 15.381944444444445 15.70138888888889 15.70138888888889 0.14156444944969784 0.1269328623646386
165600.0 15.375 15.6875 15.708333333333334 0.14147340557780005 0.1268002636401497
166200.0 15.354166666666666 15.67361111111111 15.694444444444445 0.14142788364185116 0.12668423975622192
166800.0 15.333333333333334 15.659722222222223 15.680555555555555 0.1413823617059023 0.12656821587229414
167400.0 15.3125 15.645833333333334 15.666666666666666 0.1413368397699534 0.12645219198836635
168000.0 15.29861111111111 15.645833333333334 15.659722222222221 0.14126855686603007 0.12635274294499968
168600.0 15.284722222222223 15.645833333333334 15.652777777777779 0.14120027396210671 0.12625329390163303
169200.0 15.270833333333334 15.645833333333334 15.645833333333334 0.1411319910581834 0.12615384485826636
169800.0 15.256944444444445 15.631944444444445 15.63888888888889 0.1410864691222345 0.1260543958148997
170400.0 15.243055555555555 15.618055555555555 15.631944444444445 0.14104094718628563 0.12595494677153304
171000.0 15.229166666666666 15.604166666666666 15.625 0.14099542525033673 0.12585549772816637
171600.0 15.222222222222221 15.597222222222221 15.625 0.1409271423464134 0.1257394738442386
172200.0 15.215277777777779 15.590277777777779 15.625 0.14085885944249005 0.1256234499603108
172800.0 15.208333333333334 15.583333333333334 15.625 0.14079057653856672 0.12550742607638302
173400.0 15.20138888888889 15.57638888888889 15.618055555555555 0.1406767716986945 0.12540797703301637
174000.0 15.194444444444445 15.569444444444445 15.61111111111111 0.1405629668588223 0.1253085279896497
174600.0 15.1875 15.5625 15.604166666666666 0.14044916201895008 0.12520907894628305
175200.0 15.180555555555555 15.5625 15.604166666666666 0.14038087911502675 0.1251262047434775
175800.0 15.17361111111111 15.5625 15.604166666666666 0.1403125962111034 0.12504333054067193
176400.0 15.166666666666666 15.5625 15.604166666666666 0.14024431330718007 0.12496045633786636
177000.0 15.145833333333332 15.54861111111111 15.604166666666666 0.14015326943528228 0.1248610072944997
177600.0 15.125 15.534722222222223 15.604166666666666 0.14006222556338452 0.12476155825113303
178200.0 15.104166666666666 15.520833333333334 15.604166666666666 0.13997118169148673 0.12466210920776637
178800.0 15.097222222222221 15.506944444444445 15.590277777777777 0.1399028987875634 0.1245792350049608
179400.0 15.090277777777779 15.493055555555555 15.57638888888889 0.13983461588364007 0.12449636080215526
180000.0 15.083333333333334 15.479166666666666 15.5625 0.13976633297971675 0.1244134865993497
180600.0 15.083333333333334 15.479166666666666 15.5625 0.13969805007579342 0.12433061239654414
181200.0 15.083333333333334 15.479166666666666 15.5625 0.13962976717187006 0.12424773819373859
181800.0 15.083333333333334 15.479166666666666 15.5625 0.13956148426794673 0.12416486399093303
182400.0 15.07638888888889 15.479166666666666 15.555555555555555 0.13947044039604894 0.12408198978812748
183000.0 15.069444444444445 15.479166666666666 15.54861111111111 0.13937939652415118 0.12399911558532192
183600.0 15.0625 15.479166666666666 15.541666666666666 0.1392883526522534 0.12391624138251638
184200.0 15.04861111111111 15.465277777777777 15.541666666666666 0.13922006974833007 0.12383336717971082
184800.0 15.034722222222223 15.45138888888889 15.541666666666666 0.1391517868444067 0.12375049297690525
185400.0 15.020833333333334 15.4375 15.541666666666666 0.13908350394048338 0.1236676187740997
186000.0 15.01388888888889 15.430555555555555 15.534722222222221 0.13901522103656005 0.12358474457129413
186600.0 15.006944444444445 15.42361111111111 15.527777777777779 0.13894693813263673 0.12350187036848859
187200.0 15.0 15.416666666666666 15.520833333333334 0.1388786552287134 0.12341899616568303
187800.0 14.98611111111111 15.402777777777777 15.520833333333334 0.13876485038884118 0.12335269680343858
188400.0 14.972222222222223 15.38888888888889 15.520833333333334 0.13865104554896895 0.12328639744119414
189000.0 14.958333333333334 15.375 15.520833333333334 0.13853724070909673 0.1232200980789497
189600.0 14.95138888888889 15.375 15.51388888888889 0.1385144797411223 0.12313722387614415
190200.0 14.944444444444445 15.375 15.506944444444445 0.13849171877314784 0.12305434967333859
190800.0 14.9375 15.375 15.5 0.1384689578051734 0.12297147547053304
191400.0 14.92361111111111 15.368055555555555 15.5 0.1384234358692245 0.12290517610828859
192000.0 14.909722222222223 15.36111111111111 15.5 0.13837791393327564 0.12283887674604416
192600.0 14.895833333333334 15.354166666666666 15.5 0.13833239199732675 0.12277257738379971
193200.0 14.88888888888889 15.347222222222221 15.479166666666666 0.13833239199732675 0.12268970318099415
193800.0 14.881944444444445 15.340277777777779 15.458333333333334 0.13833239199732675 0.12260682897818859
194400.0 14.875 15.333333333333334 15.4375 0.13833239199732675 0.12252395477538303
195000.0 14.868055555555555 15.333333333333334 15.4375 0.13826410909340342 0.12245765541313858
195600.0 14.86111111111111 15.333333333333334 15.4375 0.13819582618948006 0.12239135605089414
196200.0 14.854166666666666 15.333333333333334 15.4375 0.13812754328555674 0.1223250566886497
196800.0 14.854166666666666 15.32638888888889 15.4375 0.13803649941365895 0.12225875732640526
197400.0 14.854166666666666 15.319444444444445 15.4375 0.13794545554176119 0.12219245796416081
198000.0 14.854166666666666 15.3125 15.4375 0.1378544116698634 0.12212615860191638
198600.0 14.854166666666666 15.3125 15.430555555555555 0.13778612876594007 0.12205985923967193
199200.0 14.854166666666666 15.3125 15.42361111111111 0.13771784586201674 0.12199355987742748
199800.0 14.854166666666666 15.3125 15.416666666666666 0.1376495629580934 0.12192726051518303
200400.0 14.86111111111111 15.3125 15.416666666666666 0.13755851908619565 0.12184438631237747
201000.0 14.868055555555555 15.3125 15.416666666666666 0.13746747521429786 0.12176151210957192
201600.0 14.875 15.3125 15.416666666666666 0.1373764313424001 0.12167863790676636
202200.0 14.88888888888889 15.319444444444445 15.409722222222221 0.1372853874705023 0.12157918886339969
202800.0 14.902777777777777 15.32638888888889 15.402777777777779 0.13719434359860455 0.12147973982003303
203400.0 14.916666666666666 15.333333333333334 15.395833333333334 0.13710329972670676 0.12138029077666636
204000.0 14.92361111111111 15.333333333333334 15.395833333333334 0.1369667339188601 0.12129741657386081
204600.0 14.930555555555555 15.333333333333334 15.395833333333334 0.13683016811101342 0.12121454237105525
205200.0 14.9375 15.333333333333334 15.395833333333334 0.13669360230316677 0.1211316681682497
205800.0 14.944444444444445 15.333333333333334 15.395833333333334 0.13655703649532008 0.12101564428432192
206400.0 14.95138888888889 15.333333333333334 15.395833333333334 0.13642047068747343 0.12089962040039415
207000.0 14.958333333333334 15.333333333333334 15.395833333333334 0.13628390487962674 0.12078359651646636
207600.0 14.965277777777779 15.340277777777779 15.38888888888889 0.1361018171358312 0.12068414747309969
208200.0 14.972222222222221 15.347222222222221 15.381944444444445 0.13591972939203562 0.12058469842973303
208800.0 14.979166666666666 15.354166666666666 15.375 0.13573764164824006 0.12048524938636636
209400.0 14.98611111111111 15.354166666666666 15.368055555555555 0.1356010758403934 0.12035265066187747
210000.0 14.993055555555555 15.354166666666666 15.36111111111111 0.13546451003254673 0.12022005193738859
210600.0 15.0 15.354166666666666 15.354166666666666 0.13532794422470007 0.12008745321289971
211200.0 15.006944444444445 15.36111111111111 15.354166666666666 0.13516861744887895 0.11995485448841081
211800.0 15.01388888888889 15.368055555555555 15.354166666666666 0.13500929067305784 0.11982225576392193
212400.0 15.020833333333334 15.375 15.354166666666666 0.13484996389723672 0.11968965703943303
213000.0 15.034722222222223 15.375 15.354166666666666 0.1346906371214156 0.11957363315550526
213600.0 15.04861111111111 15.375 15.354166666666666 0.1345313103455945 0.11945760927157748
214200.0 15.0625 15.375 15.354166666666666 0.1343719835697734 0.1193415853876497
214800.0 15.069444444444445 15.381944444444445 15.354166666666666 0.13418989582597785 0.11920898666316081
215400.0 15.07638888888889 15.38888888888889 15.354166666666666 0.13400780808218227 0.11907638793867192
216000.0 15.083333333333334 15.395833333333334 15.354166666666666 0.13382572033838672 0.11894378921418303
216600.0 15.083333333333334 15.395833333333334 15.347222222222221 0.13364363259459117 0.11881119048969414
217200.0 15.083333333333334 15.395833333333334 15.340277777777779 0.13346154485079562 0.11867859176520526
217800.0 15.083333333333334 15.395833333333334 15.333333333333334 0.13327945710700007 0.11854599304071638
218400.0 15.097222222222223 15.402777777777779 15.333333333333334 0.13309736936320452 0.11841339431622748
219000.0 15.11111111111111 15.409722222222221 15.333333333333334 0.13291528161940896 0.1182807955917386
219600.0 15.125 15.416666666666666 15.333333333333334 0.13273319387561341 0.1181481968672497
220200.0 15.145833333333334 15.42361111111111 15.333333333333334 0.13255110613181786 0.1180155981427608
220800.0 15.166666666666666 15.430555555555555 15.333333333333334 0.13236901838802229 0.11788299941827192
221400.0 15.1875 15.4375 15.333333333333334 0.13218693064422674 0.11775040069378302
222000.0 15.194444444444445 15.4375 15.333333333333334 0.13193655999650786 0.11761780196929414
222600.0 15.20138888888889 15.4375 15.333333333333334 0.13168618934878898 0.11748520324480526
223200.0 15.208333333333334 15.4375 15.333333333333334 0.1314358187010701 0.11735260452031637
223800.0 15.208333333333334 15.4375 15.333333333333334 0.1312309699893001 0.11718685611470525
224400.0 15.208333333333334 15.4375 15.333333333333334 0.13102612127753008 0.11702110770909414
225000.0 15.208333333333334 15.4375 15.333333333333334 0.13082127256576007 0.11685535930348302
225600.0 15.20138888888889 15.430555555555555 15.333333333333334 0.1306847067579134 0.11672276057899414
226200.0 15.194444444444445 15.42361111111111 15.333333333333334 0.13054814095006673 0.11659016185450526
226800.0 15.1875 15.416666666666666 15.333333333333334 0.13041157514222007 0.11645756313001637
227400.0 15.17361111111111 15.416666666666666 15.333333333333334 0.13025224836639895 0.1163581140866497
228000.0 15.159722222222223 15.416666666666666 15.333333333333334 0.13009292159057784 0.11625866504328304
228600.0 15.145833333333334 15.416666666666666 15.333333333333334 0.12993359481475672 0.11615921599991637
229200.0 15.152777777777779 15.416666666666666 15.340277777777779 0.1297742680389356 0.1160431921159886
229800.0 15.159722222222221 15.416666666666666 15.347222222222221 0.1296149412631145 0.11592716823206081
230400.0 15.166666666666666 15.416666666666666 15.354166666666666 0.1294556144872934 0.11581114434813304
231000.0 15.159722222222221 15.416666666666666 15.347222222222221 0.1293645706153956 0.11571169530476637
231600.0 15.152777777777779 15.416666666666666 15.340277777777779 0.12927352674349785 0.11561224626139971
232200.0 15.145833333333334 15.416666666666666 15.333333333333334 0.12918248287160006 0.11551279721803304
232800.0 15.13888888888889 15.416666666666666 15.340277777777779 0.12906867803172783 0.11542992301522748
233400.0 15.131944444444445 15.416666666666666 15.347222222222221 0.12895487319185564 0.11534704881242192
234000.0 15.125 15.416666666666666 15.354166666666666 0.12884106835198342 0.11526417460961635
234600.0 15.125 15.416666666666666 15.347222222222221 0.12875002448008566 0.11518130040681081
235200.0 15.125 15.416666666666666 15.340277777777779 0.12865898060818787 0.11509842620400526
235800.0 15.125 15.416666666666666 15.333333333333334 0.1285679367362901 0.11501555200119971
236400.0 15.125 15.416666666666666 15.333333333333334 0.12847689286439232 0.11496582747951638
237000.0 15.125 15.416666666666666 15.333333333333334 0.12838584899249453 0.11491610295783304
237600.0 15.125 15.416666666666666 15.333333333333334 0.12829480512059674 0.1148663784361497
238200.0 15.11111111111111 15.402777777777777 15.333333333333334 0.12824928318464784 0.11481665391446637
238800.0 15.097222222222223 15.38888888888889 15.333333333333334 0.12820376124869898 0.11476692939278305
239400.0 15.083333333333334 15.375 15.333333333333334 0.12815823931275008 0.11471720487109971
240000.0 15.0625 15.36111111111111 15.333333333333334 0.1280671954408523 0.11463433066829415
240600.0 15.041666666666668 15.347222222222223 15.333333333333334 0.1279761515689545 0.1145514564654886
241200.0 15.020833333333334 15.333333333333334 15.333333333333334 0.12788510769705672 0.11446858226268304
241800.0 15.006944444444445 15.319444444444445 15.333333333333334 0.1281810002807245 0.1144188577409997
242400.0 14.993055555555555 15.305555555555555 15.333333333333334 0.1284768928643923 0.11436913321931637
243000.0 14.979166666666666 15.291666666666666 15.333333333333334 0.12877278544806006 0.11431940869763303
243600.0 14.958333333333332 15.291666666666666 15.333333333333334 0.12879554641603452 0.1142696841759497
244200.0 14.9375 15.291666666666666 15.333333333333334 0.12881830738400896 0.11421995965426636
244800.0 14.916666666666666 15.291666666666666 15.333333333333334 0.12884106835198342 0.11417023513258302
245400.0 14.895833333333332 15.270833333333332 15.32638888888889 0.12884106835198342 0.11413708545146081
246000.0 14.875 15.25 15.319444444444445 0.1288410683519834 0.11410393577033859
246600.0 14.854166666666666 15.229166666666666 15.3125 0.1288410683519834 0.11407078608921638
247200.0 14.833333333333332 15.222222222222221 15.3125 0.12881830738400896 0.11402106156753304
247800.0 14.8125 15.215277777777779 15.3125 0.1287955464160345 0.1139713370458497
248400.0 14.791666666666666 15.208333333333334 15.3125 0.12877278544806006 0.11392161252416637
249000.0 14.770833333333332 15.1875 15.29861111111111 0.12879554641603452 0.11387188800248303
249600.0 14.75 15.166666666666668 15.284722222222223 0.12881830738400896 0.11382216348079971
250200.0 14.729166666666666 15.145833333333334 15.270833333333334 0.12884106835198342 0.11377243895911637
250800.0 14.70138888888889 15.125 15.256944444444445 0.12884106835198342 0.11373928927799415
251400.0 14.67361111111111 15.104166666666668 15.243055555555555 0.12884106835198342 0.11370613959687192
252000.0 14.645833333333334 15.083333333333334 15.229166666666666 0.12884106835198342 0.1136729899157497
252600.0 14.631944444444445 15.069444444444445 15.23611111111111 0.12884106835198342 0.11365641507518859
253200.0 14.618055555555555 15.055555555555555 15.243055555555555 0.1288410683519834 0.11363984023462749
253800.0 14.604166666666666 15.041666666666666 15.25 0.1288410683519834 0.11362326539406638
254400.0 14.57638888888889 15.027777777777777 15.243055555555555 0.12886382931995785 0.11355696603182193
255000.0 14.54861111111111 15.01388888888889 15.23611111111111 0.12888659028793228 0.11349066666957748
255600.0 14.520833333333334 15.0 15.229166666666666 0.12890935125590675 0.11342436730733303
256200.0 14.493055555555555 14.98611111111111 15.229166666666666 0.12900039512780453 0.11339121762621081
256800.0 14.465277777777779 14.972222222222223 15.229166666666666 0.1290914389997023 0.11335806794508858
257400.0 14.4375 14.958333333333334 15.229166666666666 0.12918248287160009 0.11332491826396636
258000.0 14.430555555555555 14.944444444444445 15.222222222222221 0.12918248287160009 0.11330834342340525
258600.0 14.42361111111111 14.930555555555555 15.215277777777779 0.12918248287160009 0.11329176858284414
259200.0 14.416666666666666 14.916666666666666 15.208333333333334 0.12918248287160009 0.11327519374228302
259800.0 14.402777777777777 14.909722222222221 15.194444444444445 0.12920524383957452 0.1132254692205997
260400.0 14.38888888888889 14.902777777777779 15.180555555555555 0.12922800480754898 0.11317574469891636
261000.0 14.375 14.895833333333334 15.166666666666666 0.1292507657755234 0.11312602017723304
261600.0 14.354166666666666 14.88888888888889 15.159722222222221 0.12920524383957452 0.11310944533667193
262200.0 14.333333333333334 14.881944444444445 15.152777777777779 0.12915972190362562 0.11309287049611082
262800.0 14.3125 14.875 15.145833333333334 0.12911419996767673 0.1130762956555497
263400.0 14.305555555555555 14.868055555555555 15.145833333333334 0.12911419996767673 0.11305972081498859
264000.0 14.29861111111111 14.86111111111111 15.145833333333334 0.12911419996767673 0.11304314597442748
264600.0 14.291666666666666 14.854166666666666 15.145833333333334 0.12911419996767673 0.11302657113386637
265200.0 14.291666666666666 14.840277777777777 15.131944444444445 0.12911419996767673 0.11296027177162192
265800.0 14.291666666666666 14.82638888888889 15.118055555555555 0.12911419996767673 0.11289397240937749
266400.0 14.291666666666666 14.8125 15.104166666666666 0.12911419996767673 0.11282767304713304
267000.0 14.284722222222221 14.805555555555555 15.104166666666666 0.1290914389997023 0.11281109820657192
267600.0 14.277777777777779 14.79861111111111 15.104166666666666 0.12906867803172783 0.11279452336601081
268200.0 14.270833333333334 14.791666666666666 15.104166666666666 0.1290459170637534 0.1127779485254497
268800.0 14.26388888888889 14.777777777777777 15.097222222222221 0.12906867803172783 0.11276137368488859
269400.0 14.256944444444445 14.76388888888889 15.090277777777779 0.1290914389997023 0.11274479884432748
270000.0 14.25 14.75 15.083333333333334 0.12911419996767673 0.11272822400376636
270600.0 14.23611111111111 14.75 15.083333333333334 0.12911419996767673 0.11271164916320525
271200.0 14.222222222222223 14.75 15.083333333333334 0.12911419996767673 0.11269507432264414
271800.0 14.208333333333334 14.75 15.083333333333334 0.12911419996767673 0.11267849948208303
272400.0 14.20138888888889 14.75 15.07638888888889 0.12911419996767673 0.1126453498009608
273000.0 14.194444444444445 14.75 15.069444444444445 0.12911419996767673 0.11261220011983859
273600.0 14.1875 14.75 15.0625 0.12911419996767673 0.11257905043871637
274200.0 14.180555555555555 14.73611111111111 15.055555555555555 0.1290914389997023 0.11254590075759414
274800.0 14.17361111111111 14.722222222222223 15.04861111111111 0.12906867803172783 0.11251275107647192
275400.0 14.166666666666666 14.708333333333334 15.041666666666666 0.1290459170637534 0.1124796013953497
276000.0 14.166666666666666 14.694444444444445 15.034722222222221 0.12906867803172783 0.11244645171422747
276600.0 14.166666666666666 14.680555555555555 15.027777777777779 0.1290914389997023 0.11241330203310525
277200.0 14.166666666666666 14.666666666666666 15.020833333333334 0.12911419996767673 0.11238015235198302
277800.0 14.152777777777777 14.659722222222221 15.006944444444445 0.1290914389997023 0.11236357751142192
278400.0 14.13888888888889 14.652777777777779 14.993055555555555 0.12906867803172783 0.11234700267086081
279000.0 14.125 14.645833333333334 14.979166666666666 0.1290459170637534 0.11233042783029971
279600.0 14.118055555555555 14.63888888888889 14.972222222222221 0.12906867803172783 0.11231385298973859
280200.0 14.11111111111111 14.631944444444445 14.965277777777779 0.1290914389997023 0.11229727814917748
280800.0 14.104166666666666 14.625 14.958333333333334 0.12911419996767673 0.11228070330861635
281400.0 14.090277777777777 14.625 14.958333333333334 0.12911419996767673 0.11224755362749414
282000.0 14.07638888888889 14.625 14.958333333333334 0.12911419996767673 0.11221440394637192
282600.0 14.0625 14.625 14.958333333333334 0.12911419996767673 0.1121812542652497
283200.0 14.0625 14.625 14.958333333333334 0.1291369609356512 0.1121646794246886
283800.0 14.0625 14.625 14.958333333333334 0.12915972190362562 0.11214810458412748
284400.0 14.0625 14.625 14.958333333333334 0.12918248287160009 0.11213152974356637
285000.0 14.0625 14.625 14.958333333333334 0.12918248287160009 0.11209838006244414
285600.0 14.0625 14.625 14.958333333333334 0.12918248287160006 0.11206523038132192
286200.0 14.0625 14.625 14.958333333333334 0.12918248287160006 0.1120320807001997
286800.0 14.0625 14.625 14.95138888888889 0.12915972190362562 0.11198235617851636
287400.0 14.0625 14.625 14.944444444444445 0.12913696093565116 0.11193263165683304
288000.0 14.0625 14.625 14.9375 0.12911419996767673 0.1118829071351497
288600.0 14.07638888888889 14.625 14.9375 0.12902315609577897 0.11186633229458859
289200.0 14.090277777777777 14.625 14.9375 0.12893211222388118 0.11184975745402748
289800.0 14.104166666666666 14.625 14.9375 0.12884106835198342 0.11183318261346636
290400.0 14.11111111111111 14.631944444444445 14.930555555555555 0.1287272635121112 0.11178345809178303
291000.0 14.118055555555555 14.63888888888889 14.92361111111111 0.12861345867223895 0.1117337335700997
291600.0 14.125 14.645833333333334 14.916666666666666 0.12849965383236672 0.11168400904841637
292200.0 14.125 14.652777777777779 14.909722222222221 0.12840860996046896 0.11163428452673303
292800.0 14.125 14.659722222222221 14.902777777777779 0.12831756608857117 0.1115845600050497
293400.0 14.125 14.666666666666666 14.895833333333334 0.1282265222166734 0.11153483548336636
294000.0 14.131944444444445 14.659722222222221 14.88888888888889 0.12813547834477562 0.11148511096168304
294600.0 14.13888888888889 14.652777777777779 14.881944444444445 0.12804443447287786 0.1114353864399997
295200.0 14.145833333333334 14.645833333333334 14.875 0.12795339060098007 0.11138566191831638
295800.0 14.152777777777779 14.645833333333334 14.868055555555555 0.12786234672908228 0.11133593739663304
296400.0 14.159722222222221 14.645833333333334 14.86111111111111 0.12777130285718452 0.1112862128749497
297000.0 14.166666666666666 14.645833333333334 14.854166666666666 0.12768025898528673 0.11123648835326637
297600.0 14.1875 14.645833333333334 14.854166666666666 0.1275664541454145 0.11118676383158303
298200.0 14.208333333333332 14.645833333333334 14.854166666666666 0.1274526493055423 0.11113703930989971
298800.0 14.229166666666666 14.645833333333334 14.854166666666666 0.12733884446567006 0.11108731478821637
299400.0 14.229166666666666 14.652777777777779 14.854166666666666 0.1272022786578234 0.11103759026653304
300000.0 14.229166666666666 14.659722222222221 14.854166666666666 0.12706571284997673 0.1109878657448497
300600.0 14.229166666666666 14.666666666666666 14.854166666666666 0.12692914704213007 0.11093814122316636
301200.0 14.243055555555555 14.67361111111111 14.854166666666666 0.12683810317023228 0.11088841670148303
301800.0 14.256944444444445 14.680555555555555 14.854166666666666 0.12674705929833452 0.1108386921797997
302400.0 14.270833333333334 14.6875 14.854166666666666 0.12665601542643673 0.11078896765811637
303000.0 14.277777777777779 14.694444444444445 14.847222222222221 0.12656497155453894 0.11072266829587192
303600.0 14.284722222222221 14.70138888888889 14.840277777777779 0.12647392768264118 0.11065636893362747
304200.0 14.291666666666666 14.708333333333334 14.833333333333334 0.1263828838107434 0.11059006957138302
304800.0 14.29861111111111 14.708333333333334 14.833333333333334 0.12626907897087117 0.11055691989026081
305400.0 14.305555555555555 14.708333333333334 14.833333333333334 0.12615527413099895 0.11052377020913859
306000.0 14.3125 14.708333333333334 14.833333333333334 0.12604146929112672 0.11049062052801638
306600.0 14.319444444444445 14.715277777777779 14.833333333333334 0.1260187083231523 0.11045747084689415
307200.0 14.32638888888889 14.722222222222221 14.833333333333334 0.12599594735517786 0.11042432116577193
307800.0 14.333333333333334 14.729166666666666 14.833333333333334 0.12597318638720342 0.1103911714846497
308400.0 14.333333333333334 14.73611111111111 14.833333333333334 0.1259049034832801 0.11034144696296637
309000.0 14.333333333333334 14.743055555555555 14.833333333333334 0.12583662057935674 0.11029172244128305
309600.0 14.333333333333334 14.75 14.833333333333334 0.1257683376754334 0.11024199791959971
310200.0 14.333333333333334 14.75 14.833333333333334 0.12567729380353562 0.11020884823847749
310800.0 14.333333333333334 14.75 14.833333333333334 0.12558624993163786 0.11017569855735526
311400.0 14.333333333333334 14.75 14.833333333333334 0.12549520605974007 0.11014254887623304
312000.0 14.340277777777779 14.75 14.833333333333334 0.12544968412379118 0.11010939919511081
312600.0 14.347222222222221 14.75 14.833333333333334 0.12540416218784228 0.11007624951398859
313200.0 14.354166666666666 14.75 14.833333333333334 0.1253586402518934 0.11004309983286636
313800.0 14.354166666666666 14.75 14.833333333333334 0.12526759637999563 0.10999337531118303
314400.0 14.354166666666666 14.75 14.833333333333334 0.12517655250809784 0.1099436507894997
315000.0 14.354166666666666 14.75 14.833333333333334 0.12508550863620008 0.10989392626781637
315600.0 14.354166666666666 14.75 14.833333333333334 0.12503998670025118 0.10986077658669414
316200.0 14.354166666666666 14.75 14.833333333333334 0.1249944647643023 0.10982762690557192
316800.0 14.354166666666666 14.75 14.833333333333334 0.12494894282835341 0.1097944772244497
317400.0 14.354166666666666 14.75 14.833333333333334 0.12494894282835341 0.10977790238388858
318000.0 14.354166666666666 14.75 14.833333333333334 0.12494894282835341 0.10976132754332747
318600.0 14.354166666666666 14.75 14.833333333333334 0.12494894282835341 0.10974475270276636
319200.0 14.354166666666666 14.75 14.833333333333334 0.12494894282835341 0.10972817786220526
319800.0 14.354166666666666 14.75 14.833333333333334 0.12494894282835341 0.10971160302164415
320400.0 14.354166666666666 14.75 14.833333333333334 0.12494894282835341 0.10969502818108305
321000.0 14.347222222222221 14.75 14.833333333333334 0.12488065992443007 0.10967845334052194
321600.0 14.340277777777779 14.75 14.833333333333334 0.12481237702050674 0.10966187849996083
322200.0 14.333333333333334 14.75 14.833333333333334 0.1247440941165834 0.10964530365939971
322800.0 14.319444444444445 14.73611111111111 14.833333333333334 0.12476685508455784 0.1096287288188386
323400.0 14.305555555555555 14.722222222222223 14.833333333333334 0.12478961605253229 0.10961215397827749
324000.0 14.291666666666666 14.708333333333334 14.833333333333334 0.12481237702050674 0.10959557913771638
324600.0 14.284722222222221 14.694444444444445 14.82638888888889 0.12490342089240451 0.10957900429715527
325200.0 14.277777777777779 14.680555555555555 14.819444444444445 0.1249944647643023 0.10956242945659415
325800.0 14.270833333333334 14.666666666666666 14.8125 0.12508550863620008 0.10954585461603304
326400.0 14.243055555555555 14.645833333333332 14.8125 0.12513103057214897 0.10952927977547193
327000.0 14.215277777777779 14.625 14.8125 0.12517655250809784 0.10951270493491082
327600.0 14.1875 14.604166666666666 14.8125 0.12522207444404673 0.1094961300943497
328200.0 14.166666666666666 14.597222222222221 14.805555555555555 0.12531311831594452 0.1094795552537886
328800.0 14.145833333333334 14.590277777777779 14.79861111111111 0.12540416218784228 0.10946298041322748
329400.0 14.125 14.583333333333334 14.791666666666666 0.12549520605974007 0.10944640557266637
330000.0 14.104166666666666 14.569444444444445 14.791666666666666 0.1255634889636634 0.10941325589154414
330600.0 14.083333333333334 14.555555555555555 14.791666666666666 0.12563177186758673 0.10938010621042192
331200.0 14.0625 14.541666666666666 14.791666666666666 0.12570005477151006 0.1093469565292997
331800.0 14.04861111111111 14.51388888888889 14.784722222222221 0.12574557670745895 0.10933038168873858
332400.0 14.034722222222223 14.48611111111111 14.777777777777779 0.12579109864340784 0.10931380684817749
333000.0 14.020833333333334 14.458333333333334 14.770833333333334 0.12583662057935674 0.10929723200761637
333600.0 13.98611111111111 14.458333333333334 14.76388888888889 0.12590490348328007 0.10929723200761637
334200.0 13.95138888888889 14.458333333333334 14.756944444444445 0.1259731863872034 0.10929723200761637
334800.0 13.916666666666666 14.458333333333334 14.75 0.12604146929112672 0.10929723200761637
335400.0 13.916666666666666 14.45138888888889 14.75 0.12606423025910118 0.10928065716705526
336000.0 13.916666666666666 14.444444444444445 14.75 0.12608699122707562 0.10926408232649415
336600.0 13.916666666666666 14.4375 14.75 0.12610975219505008 0.10924750748593304
337200.0 13.88888888888889 14.42361111111111 14.75 0.12615527413099897 0.10923093264537193
337800.0 13.86111111111111 14.409722222222223 14.75 0.12620079606694784 0.10921435780481081
338400.0 13.833333333333334 14.395833333333334 14.75 0.12624631800289673 0.1091977829642497
339000.0 13.819444444444445 14.375 14.73611111111111 0.12629183993884563 0.1091977829642497
339600.0 13.805555555555555 14.354166666666668 14.722222222222223 0.1263373618747945 0.1091977829642497
340200.0 13.791666666666666 14.333333333333334 14.708333333333334 0.1263828838107434 0.1091977829642497
340800.0 13.777777777777777 14.319444444444445 14.70138888888889 0.12640564477871785 0.10914805844256636
341400.0 13.76388888888889 14.305555555555555 14.694444444444445 0.12642840574669229 0.10909833392088304
342000.0 13.75 14.291666666666666 14.6875 0.12645116671466675 0.1090486093991997
342600.0 13.73611111111111 14.284722222222221 14.680555555555555 0.12647392768264118 0.1090486093991997
343200.0 13.722222222222223 14.277777777777779 14.67361111111111 0.12649668865061564 0.1090486093991997
343800.0 13.708333333333334 14.270833333333334 14.666666666666666 0.12651944961859007 0.1090486093991997
344400.0 13.694444444444445 14.25 14.666666666666666 0.12654221058656454 0.1090320345586386
345000.0 13.680555555555555 14.229166666666668 14.666666666666666 0.12656497155453897 0.10901545971807748
345600.0 13.666666666666666 14.208333333333334 14.666666666666666 0.12658773252251343 0.10899888487751637
346200.0 13.645833333333332 14.208333333333334 14.666666666666666 0.12665601542643676 0.10899888487751637
346800.0 13.625 14.208333333333334 14.666666666666666 0.12672429833036009 0.10899888487751637
347400.0 13.604166666666666 14.208333333333334 14.666666666666666 0.1267925812342834 0.10899888487751637
348000.0 13.590277777777777 14.194444444444445 14.659722222222221 0.12681534220225785 0.10898231003695526
348600.0 13.57638888888889 14.180555555555555 14.652777777777779 0.1268381031702323 0.10896573519639415
349200.0 13.5625 14.166666666666666 14.645833333333334 0.12686086413820674 0.10894916035583303
349800.0 13.54861111111111 14.145833333333332 14.645833333333334 0.12690638607415564 0.10893258551527192
350400.0 13.534722222222223 14.125 14.645833333333334 0.1269519080101045 0.10891601067471081
351000.0 13.520833333333334 14.104166666666666 14.645833333333334 0.1269974299460534 0.1088994358341497
351600.0 13.506944444444445 14.097222222222221 14.631944444444445 0.1269974299460534 0.10888286099358858
352200.0 13.493055555555555 14.090277777777779 14.618055555555555 0.1269974299460534 0.10886628615302747
352800.0 13.479166666666666 14.083333333333334 14.604166666666666 0.1269974299460534 0.10884971131246636
353400.0 13.458333333333332 14.055555555555555 14.597222222222221 0.12704295188200226 0.11663988637618859
354000.0 13.4375 14.027777777777779 14.590277777777779 0.12708847381795113 0.12443006143991081
354600.0 13.416666666666666 14.0 14.583333333333334 0.1271339957539 0.13222023650363304
355200.0 13.416666666666666 13.98611111111111 14.5625 0.1271795176898489 0.13299925401000526
355800.0 13.416666666666666 13.972222222222223 14.541666666666668 0.12722503962579776 0.13377827151637747
356400.0 13.416666666666666 13.958333333333334 14.520833333333334 0.12727056156174665 0.1345572890227497
357000.0 13.38888888888889 13.9375 14.51388888888889 0.12733884446566998 0.13490536067453301
357600.0 13.36111111111111 13.916666666666668 14.506944444444445 0.12740712736959334 0.13525343232631637
358200.0 13.333333333333334 13.895833333333334 14.5 0.12747541027351666 0.1356015039780997
358800.0 13.319444444444445 13.868055555555555 14.5 0.12754369317744 0.1358998511081997
359400.0 13.305555555555555 13.840277777777779 14.5 0.12761197608136332 0.1361981982382997
360000.0 13.291666666666666 13.8125 14.5 0.12768025898528665 0.1364965453683997
360600.0 13.277777777777777 13.729166666666666 14.48611111111111 0.12777130285718444 0.13672859313625524
361200.0 13.26388888888889 13.645833333333334 14.472222222222223 0.1278623467290822 0.1369606409041108
361800.0 13.25 13.5625 14.458333333333334 0.12795339060098 0.13719268867196635
362400.0 13.222222222222221 13.354166666666666 14.444444444444445 0.13243730129194553 0.14809893376117747
363000.0 13.194444444444445 13.145833333333334 14.430555555555555 0.1369212119829111 0.1590051788503886
363600.0 13.166666666666666 12.9375 14.416666666666666 0.14140512267387664 0.1699114239395997
364200.0 13.145833333333332 12.993055555555555 14.395833333333332 0.1416327323536211 0.16866831089751638
364800.0 13.125 13.04861111111111 14.375 0.14186034203336556 0.16742519785543303
365400.0 13.104166666666666 13.104166666666666 14.354166666666666 0.14208795171311 0.1661820848133497
366000.0 13.090277777777777 13.17361111111111 14.347222222222221 0.14199690784121222 0.16613236029166636
366600.0 13.07638888888889 13.243055555555555 14.340277777777779 0.14190586396931446 0.16608263576998303
367200.0 13.0625 13.3125 14.333333333333334 0.14181482009741667 0.1660329112482997
367800.0 13.041666666666666 13.347222222222221 14.319444444444445 0.14170101525754444 0.16182290174577746
368400.0 13.020833333333334 13.381944444444445 14.305555555555555 0.14158721041767222 0.15761289224325525
369000.0 13.0 13.416666666666666 14.291666666666666 0.1414734055778 0.15340288274073302
369600.0 12.993055555555555 13.444444444444445 14.291666666666666 0.14133683976995334 0.15201059613359968
370200.0 12.98611111111111 13.472222222222221 14.291666666666666 0.14120027396210666 0.15061830952646638
370800.0 12.979166666666666 13.5 14.291666666666666 0.14106370815426 0.14922602291933304
371400.0 12.972222222222221 13.520833333333334 14.284722222222221 0.14092714234641335 0.14761826338490527
372000.0 12.965277777777779 13.541666666666666 14.277777777777779 0.14079057653856666 0.14601050385047748
372600.0 12.958333333333334 13.5625 14.270833333333334 0.14065401073072 0.1444027443160497
373200.0 12.95138888888889 13.569444444444445 14.277777777777779 0.14058572782679668 0.14267896089769416
373800.0 12.944444444444445 13.57638888888889 14.284722222222221 0.14051744492287332 0.14095517747933858
374400.0 12.9375 13.583333333333334 14.291666666666666 0.14044916201895 0.13923139406098303
375000.0 12.9375 13.583333333333334 14.277777777777777 0.14028983524312888 0.1377065087293608
375600.0 12.9375 13.583333333333334 14.26388888888889 0.1401305084673078 0.1361816233977386
376200.0 12.9375 13.583333333333334 14.25 0.13997118169148667 0.13465673806611636
376800.0 12.9375 13.57638888888889 14.25 0.13988013781958888 0.13374512183525525
377400.0 12.9375 13.569444444444445 14.25 0.13978909394769112 0.13283350560439414
378000.0 12.9375 13.5625 14.25 0.13969805007579333 0.13192188937353302
378600.0 12.9375 13.569444444444445 14.243055555555555 0.13972081104376777 0.13105999766435525
379200.0 12.9375 13.57638888888889 14.23611111111111 0.13974357201174223 0.13019810595517747
379800.0 12.9375 13.583333333333334 14.229166666666666 0.13976633297971666 0.1293362142459997
380400.0 12.944444444444445 13.590277777777779 14.222222222222221 0.13972081104376777 0.12880581934804414
381000.0 12.95138888888889 13.597222222222221 14.215277777777779 0.1396752891078189 0.1282754244500886
381600.0 12.958333333333334 13.604166666666666 14.208333333333334 0.13962976717187 0.12774502955213304
382200.0 12.958333333333334 13.604166666666666 14.20138888888889 0.1394704403960489 0.12739695790034972
382800.0 12.958333333333334 13.604166666666666 14.194444444444445 0.1393111136202278 0.12704888624856636
383400.0 12.958333333333334 13.604166666666666 14.1875 0.13915178684440668 0.12670081459678303
384000.0 12.958333333333334 13.604166666666666 14.180555555555555 0.1390607429725089 0.1264687668289275
384600.0 12.958333333333334 13.604166666666666 14.17361111111111 0.13896969910061113 0.12623671906107192
385200.0 12.958333333333334 13.604166666666666 14.166666666666666 0.13887865522871334 0.12600467129321638
385800.0 12.958333333333334 13.61111111111111 14.166666666666666 0.13878761135681555 0.12578919836592192
386400.0 12.958333333333334 13.618055555555555 14.166666666666666 0.1386965674849178 0.1255737254386275
387000.0 12.958333333333334 13.625 14.166666666666666 0.13860552361302 0.12535825251133303
387600.0 12.958333333333334 13.625 14.166666666666666 0.13849171877314778 0.12514277958403858
388200.0 12.958333333333334 13.625 14.166666666666666 0.13837791393327556 0.12492730665674415
388800.0 12.958333333333334 13.625 14.166666666666666 0.13826410909340334 0.1247118337294497
389400.0 12.958333333333334 13.631944444444445 14.159722222222221 0.13815030425353111 0.12454608532383858
390000.0 12.958333333333334 13.63888888888889 14.152777777777779 0.1380364994136589 0.12438033691822747
390600.0 12.958333333333334 13.645833333333334 14.145833333333334 0.13792269457378667 0.12421458851261635
391200.0 12.958333333333334 13.645833333333334 14.145833333333334 0.13787717263783777 0.12401569042588302
391800.0 12.958333333333334 13.645833333333334 14.145833333333334 0.1378316507018889 0.1238167923391497
392400.0 12.958333333333334 13.645833333333334 14.145833333333334 0.13778612876594 0.12361789425241637
393000.0 12.958333333333334 13.63888888888889 14.145833333333334 0.1376723239260678 0.12345214584680526
393600.0 12.958333333333334 13.631944444444445 14.145833333333334 0.13755851908619557 0.12328639744119416
394200.0 12.958333333333334 13.625 14.145833333333334 0.13744471424632335 0.12312064903558305
394800.0 12.958333333333334 13.625 14.145833333333334 0.13739919231037445 0.12293832578941082
395400.0 12.958333333333334 13.625 14.145833333333334 0.13735367037442556 0.1227560025432386
396000.0 12.958333333333334 13.625 14.145833333333334 0.13730814843847666 0.12257367929706636
396600.0 12.965277777777779 13.625 14.13888888888889 0.13726262650252777 0.12240793089145525
397200.0 12.972222222222221 13.625 14.131944444444445 0.13721710456657887 0.12224218248584415
397800.0 12.979166666666666 13.625 14.125 0.13717158263062998 0.12207643408023304
398400.0 12.979166666666666 13.625 14.125 0.13708053875873222 0.12192726051518303
399000.0 12.979166666666666 13.625 14.125 0.13698949488683443 0.12177808695013304
399600.0 12.979166666666666 13.625 14.125 0.13689845101493667 0.12162891338508303
400200.0 12.979166666666666 13.625 14.125 0.13685292907898777 0.12147973982003303
400800.0 12.979166666666666 13.625 14.125 0.13680740714303888 0.12133056625498304
401400.0 12.979166666666666 13.625 14.125 0.13676188520708998 0.12118139268993304
402000.0 12.972222222222221 13.61111111111111 14.118055555555555 0.1367163632711411 0.12101564428432193
402600.0 12.965277777777779 13.597222222222223 14.11111111111111 0.13667084133519222 0.12084989587871081
403200.0 12.958333333333334 13.583333333333334 14.104166666666666 0.13662531939924333 0.1206841474730997
403800.0 12.958333333333334 13.583333333333334 14.104166666666666 0.1366025584312689 0.12056812358917193
404400.0 12.958333333333334 13.583333333333334 14.104166666666666 0.13657979746329443 0.12045209970524415
405000.0 12.958333333333334 13.583333333333334 14.104166666666666 0.13655703649532 0.12033607582131638
405600.0 12.958333333333334 13.57638888888889 14.097222222222221 0.13648875359139667 0.12022005193738859
406200.0 12.958333333333334 13.569444444444445 14.090277777777779 0.13642047068747332 0.12010402805346082
406800.0 12.958333333333334 13.5625 14.083333333333334 0.13635218778355 0.11998800416953304
407400.0 12.958333333333334 13.555555555555555 14.07638888888889 0.13632942681557556 0.11988855512616636
408000.0 12.958333333333334 13.54861111111111 14.069444444444445 0.1363066658476011 0.1197891060827997
408600.0 12.958333333333334 13.541666666666666 14.0625 0.13628390487962666 0.11968965703943303
409200.0 12.944444444444445 13.541666666666666 14.0625 0.13623838294367777 0.11957363315550526
409800.0 12.930555555555555 13.541666666666666 14.0625 0.1361928610077289 0.11945760927157748
410400.0 12.916666666666666 13.541666666666666 14.0625 0.13614733907178 0.1193415853876497
411000.0 12.902777777777777 13.541666666666666 14.055555555555555 0.13612457810380557 0.11924213634428303
411600.0 12.88888888888889 13.541666666666666 14.04861111111111 0.1361018171358311 0.11914268730091637
412200.0 12.875 13.541666666666666 14.041666666666666 0.13607905616785668 0.1190432382575497
412800.0 12.86111111111111 13.527777777777777 14.04861111111111 0.13605629519988222 0.11896036405474414
413400.0 12.847222222222223 13.51388888888889 14.055555555555555 0.13603353423190778 0.11887748985193859
414000.0 12.833333333333334 13.5 14.0625 0.13601077326393332 0.11879461564913303
414600.0 12.82638888888889 13.493055555555555 14.055555555555555 0.13601077326393332 0.11867859176520526
415200.0 12.819444444444445 13.48611111111111 14.04861111111111 0.13601077326393332 0.11856256788127748
415800.0 12.8125 13.479166666666666 14.041666666666666 0.13601077326393332 0.1184465439973497
416400.0 12.791666666666666 13.458333333333332 14.034722222222221 0.1359880122959589 0.11836366979454414
417000.0 12.770833333333334 13.4375 14.027777777777779 0.13596525132798443 0.1182807955917386
417600.0 12.75 13.416666666666666 14.020833333333334 0.13594249036001 0.11819792138893304
418200.0 12.743055555555555 13.409722222222221 14.020833333333334 0.13594249036001 0.11811504718612748
418800.0 12.73611111111111 13.402777777777779 14.020833333333334 0.13594249036001002 0.11803217298332193
419400.0 12.729166666666666 13.395833333333334 14.020833333333334 0.13594249036001002 0.11794929878051637
420000.0 12.708333333333332 13.38888888888889 14.01388888888889 0.13591972939203556 0.11788299941827192
420600.0 12.6875 13.381944444444445 14.006944444444445 0.13589696842406113 0.11781670005602747
421200.0 12.666666666666666 13.375 14.0 0.13587420745608667 0.11775040069378302
421800.0 12.652777777777777 13.375 14.0 0.13589696842406113 0.11766752649097748
422400.0 12.63888888888889 13.375 14.0 0.13591972939203556 0.11758465228817191
423000.0 12.625 13.375 14.0 0.13594249036001002 0.11750177808536637
423600.0 12.625 13.354166666666666 13.98611111111111 0.13589696842406113 0.11743547872312192
424200.0 12.625 13.333333333333334 13.972222222222223 0.13585144648811223 0.11736917936087748
424800.0 12.625 13.3125 13.958333333333334 0.13580592455216334 0.11730287999863304
425400.0 12.618055555555555 13.305555555555555 13.95138888888889 0.13582868552013777 0.11723658063638859
426000.0 12.61111111111111 13.29861111111111 13.944444444444445 0.13585144648811223 0.11717028127414415
426600.0 12.604166666666666 13.291666666666666 13.9375 0.13587420745608667 0.1171039819118997
427200.0 12.583333333333332 13.291666666666666 13.9375 0.1358969684240611 0.11700453286853305
427800.0 12.5625 13.291666666666666 13.9375 0.13591972939203556 0.11690508382516637
428400.0 12.541666666666666 13.291666666666666 13.9375 0.13594249036001 0.11680563478179971
429000.0 12.527777777777777 13.277777777777777 13.930555555555555 0.13591972939203556 0.11675591026011638
429600.0 12.51388888888889 13.26388888888889 13.92361111111111 0.1358969684240611 0.11670618573843304
430200.0 12.5 13.25 13.916666666666666 0.13587420745608667 0.1166564612167497
430800.0 12.493055555555555 13.23611111111111 13.916666666666666 0.1358969684240611 0.11659016185450526
431400.0 12.48611111111111 13.222222222222223 13.916666666666666 0.13591972939203556 0.11652386249226082
432000.0 12.479166666666666 13.208333333333334 13.916666666666666 0.13594249036001 0.11645756313001637
432600.0 12.472222222222221 13.20138888888889 13.902777777777777 0.1358969684240611 0.11640783860833304
433200.0 12.465277777777779 13.194444444444445 13.88888888888889 0.13585144648811223 0.1163581140866497
433800.0 12.458333333333334 13.1875 13.875 0.13580592455216334 0.11630838956496636
434400.0 12.45138888888889 13.180555555555555 13.875 0.13582868552013777 0.11625866504328303
435000.0 12.444444444444445 13.17361111111111 13.875 0.13585144648811223 0.1162089405215997
435600.0 12.4375 13.166666666666666 13.875 0.13587420745608667 0.11615921599991637
436200.0 12.42361111111111 13.166666666666666 13.86111111111111 0.13587420745608667 0.11610949147823303
436800.0 12.409722222222223 13.166666666666666 13.847222222222223 0.13587420745608667 0.1160597669565497
437400.0 12.395833333333334 13.166666666666666 13.833333333333334 0.13587420745608667 0.11601004243486636
438000.0 12.38888888888889 13.166666666666666 13.833333333333334 0.13585144648811223 0.11594374307262192
438600.0 12.381944444444445 13.166666666666666 13.833333333333334 0.13582868552013777 0.11587744371037748
439200.0 12.375 13.166666666666666 13.833333333333334 0.13580592455216334 0.11581114434813304
439800.0 12.375 13.152777777777777 13.833333333333334 0.13582868552013777 0.11574484498588859
440400.0 12.375 13.13888888888889 13.833333333333334 0.13585144648811223 0.11567854562364416
441000.0 12.375 13.125 13.833333333333334 0.13587420745608667 0.11561224626139971
441600.0 12.368055555555555 13.125 13.82638888888889 0.13578316358418888 0.11557909658027749
442200.0 12.36111111111111 13.125 13.819444444444445 0.13569211971229111 0.11554594689915526
442800.0 12.354166666666666 13.125 13.8125 0.13560107584039333 0.11551279721803304
443400.0 12.354166666666666 13.11111111111111 13.8125 0.13560107584039333 0.1154630726963497
444000.0 12.354166666666666 13.097222222222223 13.8125 0.13560107584039333 0.11541334817466636
444600.0 12.354166666666666 13.083333333333334 13.8125 0.13560107584039333 0.11536362365298303
445200.0 12.354166666666666 13.07638888888889 13.79861111111111 0.13560107584039333 0.11529732429073858
445800.0 12.354166666666666 13.069444444444445 13.784722222222223 0.13560107584039333 0.11523102492849414
446400.0 12.354166666666666 13.0625 13.770833333333334 0.13560107584039333 0.1151647255662497
447000.0 12.347222222222221 13.0625 13.76388888888889 0.1355783148724189 0.11513157588512747
447600.0 12.340277777777779 13.0625 13.756944444444445 0.13555555390444443 0.11509842620400525
448200.0 12.333333333333334 13.0625 13.75 0.13553279293647 0.11506527652288302
448800.0 12.32638888888889 13.04861111111111 13.743055555555555 0.13551003196849556 0.11503212684176081
449400.0 12.319444444444445 13.034722222222223 13.73611111111111 0.1354872710005211 0.11499897716063859
450000.0 12.3125 13.020833333333334 13.729166666666666 0.13546451003254667 0.11496582747951638
450600.0 12.3125 13.01388888888889 13.729166666666666 0.13551003196849556 0.11491610295783304
451200.0 12.3125 13.006944444444445 13.729166666666666 0.13555555390444443 0.1148663784361497
451800.0 12.3125 13.0 13.729166666666666 0.13560107584039333 0.11481665391446637
452400.0 12.29861111111111 13.0 13.729166666666666 0.13562383680836776 0.11478350423334414
453000.0 12.284722222222223 13.0 13.729166666666666 0.13564659777634222 0.11475035455222192
453600.0 12.270833333333334 13.0 13.729166666666666 0.13566935874431665 0.1147172048710997
454200.0 12.256944444444445 12.993055555555555 13.722222222222221 0.13569211971229111 0.1166730360573108
454800.0 12.243055555555555 12.98611111111111 13.715277777777779 0.13571488068026555 0.11862886724352192
455400.0 12.229166666666666 12.979166666666666 13.708333333333334 0.13573764164824 0.12058469842973303
456000.0 12.222222222222221 12.965277777777777 13.70138888888889 0.13576040261621444 0.12201013471798859
456600.0 12.215277777777779 12.95138888888889 13.694444444444445 0.1357831635841889 0.12343557100624415
457200.0 12.208333333333334 12.9375 13.6875 0.13580592455216334 0.12486100729449971
457800.0 12.208333333333334 12.9375 13.6875 0.13582868552013777 0.12486100729449971
458400.0 12.208333333333334 12.9375 13.6875 0.13585144648811223 0.12486100729449971
459000.0 12.208333333333334 12.9375 13.6875 0.13587420745608667 0.12486100729449971
459600.0 12.208333333333334 12.930555555555555 13.67361111111111 0.13585144648811223 0.12431403755598304
460200.0 12.208333333333334 12.92361111111111 13.659722222222223 0.13582868552013777 0.12376706781746637
460800.0 12.208333333333334 12.916666666666666 13.645833333333334 0.13580592455216334 0.1232200980789497
461400.0 12.208333333333334 12.909722222222221 13.645833333333334 0.13580592455216334 0.12154603918227748
462000.0 12.208333333333334 12.902777777777779 13.645833333333334 0.13580592455216334 0.11987198028560525
462600.0 12.208333333333334 12.895833333333334 13.645833333333334 0.13580592455216334 0.11819792138893304
463200.0 12.20138888888889 12.895833333333334 13.63888888888889 0.13582868552013777 0.11776697553434415
463800.0 12.194444444444445 12.895833333333334 13.631944444444445 0.13585144648811223 0.11733602967975525
464400.0 12.1875 12.895833333333334 13.625 0.13587420745608667 0.11690508382516636
465000.0 12.1875 12.881944444444445 13.625 0.13587420745608667 0.11677248510067748
465600.0 12.1875 12.868055555555555 13.625 0.13587420745608667 0.11663988637618859
466200.0 12.1875 12.854166666666666 13.625 0.13587420745608667 0.11650728765169971
466800.0 12.17361111111111 12.715277777777777 13.61111111111111 0.13589696842406113 0.12280572706492193
467400.0 12.159722222222223 12.57638888888889 13.597222222222223 0.13591972939203556 0.12910416647814416
468000.0 12.145833333333334 12.4375 13.583333333333334 0.13594249036001002 0.13540260589136638
468600.0 12.07638888888889 12.215277777777779 13.555555555555555 0.1495080272727789 0.13581697690539415
469200.0 12.006944444444445 11.993055555555555 13.527777777777779 0.1630735641855478 0.13623134791942193
469800.0 11.9375 11.770833333333334 13.5 0.17663910109831668 0.1366457189334497
470400.0 11.944444444444445 11.722222222222223 13.458333333333334 0.17848273950424667 0.1369440660635497
471000.0 11.95138888888889 11.67361111111111 13.416666666666666 0.18032637791017667 0.13724241319364971
471600.0 11.958333333333334 11.625 13.375 0.18217001631610666 0.1375407603237497
472200.0 11.965277777777779 11.618055555555555 13.347222222222221 0.18257971373964665 0.13775623325104414
472800.0 11.972222222222221 11.61111111111111 13.319444444444445 0.18298941116318668 0.1379717061783386
473400.0 11.979166666666666 11.604166666666666 13.291666666666666 0.18339910858672667 0.13818717910563302
474000.0 11.972222222222221 11.61111111111111 13.277777777777777 0.18337634761875224 0.13835292751124414
474600.0 11.965277777777779 11.618055555555555 13.26388888888889 0.18335358665077778 0.13851867591685527
475200.0 11.958333333333334 11.625 13.25 0.18333082568280334 0.1386844243224664
475800.0 11.958333333333334 11.645833333333334 13.222222222222221 0.18323978181090556 0.14422042106987748
476400.0 11.958333333333334 11.666666666666666 13.194444444444445 0.1831487379390078 0.1497564178172886
477000.0 11.958333333333334 11.6875 13.166666666666666 0.18305769406711 0.1552924145646997
477600.0 11.944444444444445 11.694444444444445 13.166666666666666 0.18339910858672667 0.16003281896517746
478200.0 11.930555555555555 11.70138888888889 13.166666666666666 0.18374052310634334 0.16477322336565525
478800.0 11.916666666666666 11.708333333333334 13.166666666666666 0.18408193762596 0.16951362776613302
479400.0 11.909722222222221 11.680555555555555 13.159722222222221 0.18435506924165335 0.17113796214112204
480000.0 11.902777777777779 11.652777777777779 13.152777777777779 0.18462820085734666 0.17276229651611102
480600.0 11.895833333333334 11.625 13.145833333333334 0.18490133247304 0.17438663089110004
481200.0 11.881944444444445 11.569444444444445 13.125 0.18590281506391554 0.17291147008116103
481800.0 11.868055555555555 11.51388888888889 13.104166666666668 0.1869042976547911 0.17143630927122205
482400.0 11.854166666666666 11.458333333333334 13.083333333333334 0.18790578024566665 0.16996114846128305
483000.0 11.847222222222221 11.430555555555555 13.0625 0.19036396478690665 0.17029264527250526
483600.0 11.840277777777779 11.402777777777779 13.041666666666668 0.19282214932814667 0.17062414208372748
484200.0 11.833333333333334 11.375 13.020833333333334 0.19528033386938667 0.1709556388949497
484800.0 11.805555555555555 11.347222222222221 12.98611111111111 0.1993317861688378 0.17216560225591082
485400.0 11.777777777777779 11.319444444444445 12.95138888888889 0.2033832384682889 0.17337556561687192
486000.0 11.75 11.291666666666666 12.916666666666666 0.20743469076774002 0.17458552897783305
486600.0 11.722222222222221 11.26388888888889 12.895833333333332 0.21276075727376 0.1749501754701775
487200.0 11.694444444444445 11.23611111111111 12.875 0.21808682377978 0.17531482196252193
487800.0 11.666666666666666 11.208333333333334 12.854166666666666 0.2234128902858 0.17567946845486637
488400.0 11.645833333333332 11.166666666666668 12.82638888888889 0.22696360128981333 0.17591151622272194
489000.0 11.625 11.125 12.79861111111111 0.23051431229382666 0.17614356399057748
489600.0 11.604166666666666 11.083333333333334 12.770833333333334 0.23406502329783999 0.17637561175843305
490200.0 11.583333333333332 11.0625 12.75 0.23515754976061332 0.1764419111206775
490800.0 11.5625 11.041666666666668 12.729166666666668 0.23625007622338667 0.17650821048292195
491400.0 11.541666666666666 11.020833333333334 12.708333333333334 0.23734260268616 0.1765745098451664
492000.0 11.541666666666666 10.98611111111111 12.6875 0.23829856334108668 0.17665738404797196
492600.0 11.541666666666666 10.95138888888889 12.666666666666668 0.23925452399601332 0.1767402582507775
493200.0 11.541666666666666 10.916666666666666 12.645833333333334 0.24021048465094 0.17682313245358305
493800.0 11.51388888888889 10.881944444444445 12.625 0.24153062079345777 0.17708832990256082
494400.0 11.48611111111111 10.847222222222221 12.604166666666668 0.24285075693597558 0.1773535273515386
495000.0 11.458333333333334 10.8125 12.583333333333334 0.24417089307849335 0.17761872480051635
495600.0 11.45138888888889 10.805555555555555 12.569444444444445 0.24469439534190557 0.17778447320612747
496200.0 11.444444444444445 10.79861111111111 12.555555555555555 0.24521789760531776 0.17795022161173857
496800.0 11.4375 10.791666666666666 12.541666666666666 0.24574139986872998 0.1781159700173497
497400.0 11.42361111111111 10.791666666666666 12.527777777777777 0.2460600534203722 0.17838116746632748
498000.0 11.409722222222223 10.791666666666666 12.51388888888889 0.24637870697201442 0.17864636491530525
498600.0 11.395833333333334 10.791666666666666 12.5 0.24669736052365665 0.17891156236428304
499200.0 11.347222222222223 10.756944444444445 12.479166666666666 0.25049844217538886 0.1794419572622386
499800.0 11.29861111111111 10.722222222222221 12.458333333333334 0.2542995238271211 0.17997235216019414
500400.0 11.25 10.6875 12.4375 0.25810060547885333 0.1805027470581497
501000.0 11.055555555555555 10.534722222222221 12.402777777777779 0.2624479503619722 0.18070164514488302
501600.0 10.86111111111111 10.381944444444445 12.368055555555555 0.2667952952450911 0.18090054323161636
502200.0 10.666666666666666 10.229166666666666 12.333333333333334 0.27114264012821 0.18109944131834968
502800.0 10.63888888888889 10.166666666666666 12.277777777777779 0.2710515962563122 0.1935139968986219
503400.0 10.61111111111111 10.104166666666666 12.222222222222221 0.27096055238441447 0.20592855247889413
504000.0 10.583333333333334 10.041666666666666 12.166666666666666 0.2708695085125167 0.21834310805916635
504600.0 10.520833333333334 10.006944444444445 12.13888888888889 0.2712792059360567 0.21869117971094967
505200.0 10.458333333333334 9.972222222222221 12.11111111111111 0.27168890335959667 0.219039251362733
505800.0 10.395833333333334 9.9375 12.083333333333334 0.2720986007831367 0.21938732301451633
506400.0 10.402777777777779 9.930555555555555 12.041666666666668 0.27244001530275336 0.21958622110124965
507000.0 10.409722222222221 9.92361111111111 12.0 0.27278142982237 0.219785119187983
507600.0 10.416666666666666 9.916666666666666 11.958333333333334 0.2731228443419867 0.2199840172747163
508200.0 10.409722222222221 9.88888888888889 11.930555555555555 0.2743519366126067 0.22019949020201077
508800.0 10.402777777777779 9.86111111111111 11.902777777777779 0.27558102888322666 0.22041496312930522
509400.0 10.395833333333334 9.833333333333334 11.875 0.2768101211538467 0.22063043605659968
510000.0 10.416666666666668 9.819444444444445 11.847222222222221 0.27726534051333557 0.2207961844622109
510600.0 10.4375 9.805555555555555 11.819444444444445 0.27772055987282446 0.22096193286782212
511200.0 10.458333333333334 9.791666666666666 11.791666666666666 0.27817577923231335 0.22112768127343332
511800.0 10.472222222222223 9.79861111111111 11.784722222222221 0.27624109695448557 0.22126027999792222
512400.0 10.48611111111111 9.805555555555555 11.777777777777779 0.2743064146766578 0.2213928787224111
513000.0 10.5 9.8125 11.770833333333334 0.27237173239883 0.2215254774469
513600.0 10.458333333333334 9.79861111111111 11.75 0.2734414978936289 0.22167465101194989
514200.0 10.416666666666666 9.784722222222223 11.729166666666668 0.2745112633884278 0.22182382457699976
514800.0 10.375 9.770833333333334 11.708333333333334 0.2755810288832267 0.22197299814204965
515400.0 10.38888888888889 9.777777777777779 11.680555555555555 0.2752623753315845 0.22208902202597744
516000.0 10.402777777777777 9.784722222222221 11.652777777777779 0.27494372177994225 0.22220504590990522
516600.0 10.416666666666666 9.791666666666666 11.625 0.2746250682283 0.222321069793833
517200.0 10.45138888888889 9.8125 11.618055555555555 0.27412432693286226 0.22245366851832188
517800.0 10.48611111111111 9.833333333333332 11.61111111111111 0.27362358563742445 0.22258626724281078
518400.0 10.520833333333334 9.854166666666666 11.604166666666666 0.2731228443419867 0.22271886596729965
519000.0 10.534722222222223 9.875 11.597222222222221 0.2724627762707278 0.22285146469178854
519600.0 10.54861111111111 9.895833333333332 11.590277777777779 0.2718027081994689 0.2229840634162774
520200.0 10.5625 9.916666666666666 11.583333333333334 0.27114264012821 0.2231166621407663
520800.0 10.604166666666666 9.95138888888889 11.57638888888889 0.2687982604268422 0.22321611118413298
521400.0 10.645833333333334 9.98611111111111 11.569444444444445 0.26645388072547443 0.22331556022749965
522000.0 10.6875 10.020833333333334 11.5625 0.26410950102410663 0.22341500927086633
522600.0 10.708333333333334 10.055555555555555 11.5625 0.26263003810576774 0.22354760799535522
523200.0 10.729166666666666 10.090277777777779 11.5625 0.2611505751874289 0.2236802067198441
523800.0 10.75 10.125 11.5625 0.25967111226909 0.223812805444333
524400.0 10.770833333333334 10.145833333333334 11.569444444444445 0.2603311803403489 0.22392882932826078
525000.0 10.791666666666666 10.166666666666666 11.57638888888889 0.26099124841160776 0.22404485321218853
525600.0 10.8125 10.1875 11.583333333333334 0.26165131648286666 0.22416087709611632
526200.0 10.8125 10.20138888888889 11.590277777777779 0.26099124841160776 0.22424375129892188
526800.0 10.8125 10.215277777777777 11.597222222222221 0.2603311803403489 0.22432662550172747
527400.0 10.8125 10.229166666666666 11.604166666666666 0.25967111226909 0.22440949970453303
528000.0 10.79861111111111 10.194444444444445 11.604166666666666 0.26294869165741 0.2245420984290219
528600.0 10.784722222222223 10.159722222222221 11.604166666666666 0.26622627104573 0.2246746971535108
529200.0 10.770833333333334 10.125 11.604166666666666 0.26950385043405 0.22480729587799966
529800.0 10.70138888888889 10.0625 11.597222222222221 0.2722806885269322 0.22493989460248856
530400.0 10.631944444444445 10.0 11.590277777777779 0.2750575266198145 0.22507249332697743
531000.0 10.5625 9.9375 11.583333333333334 0.2778343647126967 0.22520509205146633
531600.0 10.555555555555555 9.930555555555555 11.57638888888889 0.27799369148851777 0.22535426561651634
532200.0 10.54861111111111 9.92361111111111 11.569444444444445 0.2781530182643389 0.22550343918156632
532800.0 10.541666666666666 9.916666666666666 11.5625 0.27831234504016 0.22565261274661633
533400.0 10.57638888888889 9.9375 11.555555555555555 0.27724257954536113 0.225752061789983
534000.0 10.61111111111111 9.958333333333332 11.54861111111111 0.2761728140505622 0.22585151083334964
534600.0 10.645833333333334 9.979166666666666 11.541666666666666 0.27510304855576334 0.22595095987671632
535200.0 10.666666666666668 10.0 11.534722222222221 0.27421537080476 0.226050408920083
535800.0 10.6875 10.020833333333332 11.527777777777779 0.2733276930537567 0.22614985796344966
536400.0 10.708333333333334 10.041666666666666 11.520833333333334 0.27244001530275336 0.22624930700681634
537000.0 10.67361111111111 10.01388888888889 11.51388888888889 0.2745112633884278 0.22638190573130523
537600.0 10.63888888888889 9.98611111111111 11.506944444444445 0.27658251147410223 0.22651450445579413
538200.0 10.604166666666666 9.958333333333334 11.5 0.27865375955977667 0.22664710318028303
538800.0 10.604166666666666 9.965277777777779 11.48611111111111 0.27824406213623665 0.2267465522236497
539400.0 10.604166666666666 9.972222222222221 11.472222222222223 0.2778343647126967 0.22684600126701635
540000.0 10.604166666666666 9.979166666666666 11.458333333333334 0.27742466728915666 0.22694545031038302
540600.0 10.527777777777777 9.92361111111111 11.458333333333334 0.28120298797291443 0.22726037228104412
541200.0 10.45138888888889 9.868055555555555 11.458333333333334 0.2849813086566722 0.2275752942517052
541800.0 10.375 9.8125 11.458333333333334 0.28875962934043 0.2278902162223663
542400.0 10.4375 9.840277777777779 11.4375 0.28593726931159885 0.22800624010629408
543000.0 10.5 9.868055555555555 11.416666666666668 0.2831149092827678 0.2281222639902219
543600.0 10.5625 9.895833333333334 11.395833333333334 0.28029254925393665 0.22823828787414968
544200.0 10.590277777777779 9.944444444444445 11.395833333333334 0.27751571116105445 0.22835431175807747
544800.0 10.618055555555555 9.993055555555555 11.395833333333334 0.2747388730681722 0.22847033564200522
545400.0 10.645833333333334 10.041666666666666 11.395833333333334 0.27196203497529 0.228586359525933
546000.0 10.666666666666668 10.097222222222221 11.395833333333334 0.2705736159288489 0.22855320984481078
546600.0 10.6875 10.152777777777779 11.395833333333334 0.2691851968824078 0.22852006016368856
547200.0 10.708333333333334 10.208333333333334 11.395833333333334 0.26779677783596667 0.22848691048256634
547800.0 10.722222222222223 10.256944444444445 11.409722222222223 0.26677253427711667 0.226348756050183
548400.0 10.73611111111111 10.305555555555555 11.42361111111111 0.26574829071826667 0.22421060161779965
549000.0 10.75 10.354166666666666 11.4375 0.26472404715941666 0.22207244718541633
549600.0 10.76388888888889 10.38888888888889 11.45138888888889 0.26376808650449 0.21981826886910522
550200.0 10.777777777777777 10.42361111111111 11.465277777777777 0.2628121258495633 0.2175640905527941
550800.0 10.791666666666666 10.458333333333334 11.479166666666666 0.26185616519463667 0.215309912236483
551400.0 10.791666666666666 10.5 11.48611111111111 0.2607408777638889 0.21434857148393854
552000.0 10.791666666666666 10.541666666666668 11.493055555555555 0.25962559033314114 0.21338723073139412
552600.0 10.791666666666666 10.583333333333334 11.5 0.25851030290239335 0.21242588997884967
553200.0 10.791666666666666 10.61111111111111 11.51388888888889 0.2579185177350578 0.21161372279135524
553800.0 10.791666666666666 10.63888888888889 11.527777777777777 0.2573267325677222 0.2108015556038608
554400.0 10.791666666666666 10.666666666666666 11.541666666666666 0.25673494740038666 0.20998938841636636
555000.0 10.79861111111111 10.6875 11.555555555555555 0.2559383135212811 0.20876285021484414
555600.0 10.805555555555555 10.708333333333332 11.569444444444445 0.25514167964217555 0.2075363120133219
556200.0 10.8125 10.729166666666666 11.583333333333334 0.25434504576307 0.20630977381179968
556800.0 10.819444444444445 10.756944444444445 11.590277777777779 0.25348012898004113 0.20569650471103856
557400.0 10.82638888888889 10.784722222222221 11.597222222222221 0.2526152121970122 0.20508323561027744
558000.0 10.833333333333334 10.8125 11.604166666666666 0.25175029541398336 0.20446996650951632
558600.0 10.854166666666668 10.840277777777779 11.61111111111111 0.25093090056690337 0.20415504453885522
559200.0 10.875 10.868055555555555 11.618055555555555 0.2501115057198234 0.2038401225681941
559800.0 10.895833333333334 10.895833333333334 11.625 0.24929211087274336 0.20352520059753298
560400.0 10.902777777777779 10.909722222222223 11.63888888888889 0.24872308667338225 0.20312740442406632
561000.0 10.909722222222221 10.92361111111111 11.652777777777777 0.24815406247402114 0.20272960825059966
561600.0 10.916666666666666 10.9375 11.666666666666666 0.24758503827466002 0.202331812077133
562200.0 10.916666666666666 10.958333333333334 11.67361111111111 0.2467201214916311 0.20191744106310522
562800.0 10.916666666666666 10.979166666666666 11.680555555555555 0.24585520470860223 0.20150307004907744
563400.0 10.916666666666666 11.0 11.6875 0.2449902879255733 0.20108869903504967
564000.0 10.944444444444445 11.027777777777779 11.70138888888889 0.2442619369503911 0.20070747770214412
564600.0 10.972222222222221 11.055555555555555 11.715277777777777 0.24353358597520888 0.20032625636923854
565200.0 11.0 11.083333333333334 11.729166666666666 0.24280523500002668 0.19994503503633299
565800.0 11.01388888888889 11.097222222222223 11.743055555555555 0.24232725467256336 0.199646687906233
566400.0 11.027777777777777 11.11111111111111 11.756944444444445 0.2418492743451 0.199348340776133
567000.0 11.041666666666666 11.125 11.770833333333334 0.24137129401763668 0.199049993646033
567600.0 11.04861111111111 11.13888888888889 11.777777777777779 0.2406657040104289 0.19820467677741635
568200.0 11.055555555555555 11.152777777777777 11.784722222222221 0.23996011400322112 0.1973593599087997
568800.0 11.0625 11.166666666666666 11.791666666666666 0.23925452399601332 0.19651404304018302
569400.0 11.07638888888889 11.180555555555555 11.791666666666666 0.23859445592475445 0.19434273892667747
570000.0 11.090277777777777 11.194444444444445 11.791666666666666 0.23793438785349555 0.1921714348131719
570600.0 11.104166666666666 11.208333333333334 11.791666666666666 0.23727431978223668 0.19000013069966634
571200.0 11.118055555555555 11.222222222222223 11.79861111111111 0.23672805655085 0.18567409731321632
571800.0 11.131944444444445 11.23611111111111 11.805555555555555 0.23618179331946335 0.18134806392676633
572400.0 11.145833333333334 11.25 11.8125 0.23563553008807667 0.17702203054031632
573000.0 11.152777777777779 11.277777777777779 11.82638888888889 0.23511202782466445 0.17627616271506633
573600.0 11.159722222222221 11.305555555555555 11.840277777777777 0.2345885255612522 0.17553029488981634
574200.0 11.166666666666666 11.333333333333334 11.854166666666666 0.23406502329783999 0.17478442706456634
574800.0 11.180555555555555 11.340277777777779 11.86111111111111 0.23338219425860665 0.174287181847733
575400.0 11.194444444444445 11.347222222222221 11.868055555555555 0.23269936521937332 0.17378993663089967
576000.0 11.208333333333334 11.354166666666666 11.875 0.23201653618013998 0.17329269141406634
576600.0 11.215277777777779 11.36111111111111 11.875 0.23149303391672776 0.17299434428396634
577200.0 11.222222222222221 11.368055555555555 11.875 0.23096953165331555 0.17269599715386635
577800.0 11.229166666666666 11.375 11.875 0.23044602938990333 0.17239765002376636
578400.0 11.243055555555555 11.395833333333334 11.881944444444445 0.2298087222866189 0.17208272805310523
579000.0 11.256944444444445 11.416666666666666 11.88888888888889 0.22917141518333445 0.1717678060824441
579600.0 11.270833333333334 11.4375 11.895833333333334 0.22853410808005 0.17145288411178297
580200.0 11.277777777777779 11.444444444444445 11.909722222222223 0.2280106058166378 0.1711876866628052
580800.0 11.284722222222221 11.45138888888889 11.92361111111111 0.22748710355322554 0.17092248921382744
581400.0 11.291666666666666 11.458333333333334 11.9375 0.22696360128981333 0.17065729176484967
582000.0 11.291666666666666 11.465277777777779 11.95138888888889 0.2264400990264011 0.17044181883755524
582600.0 11.291666666666666 11.472222222222221 11.965277777777777 0.2259165967629889 0.17022634591026078
583200.0 11.291666666666666 11.479166666666666 11.979166666666666 0.22539309449957667 0.17001087298296635
583800.0 11.291666666666666 11.5 11.979166666666666 0.2248923532041389 0.16972910069342745
584400.0 11.291666666666666 11.520833333333332 11.979166666666666 0.2243916119087011 0.16944732840388857
585000.0 11.291666666666666 11.541666666666666 11.979166666666666 0.22389087061326332 0.16916555611434966
585600.0 11.29861111111111 11.541666666666666 11.98611111111111 0.22320804157403 0.16881748446256634
586200.0 11.305555555555555 11.541666666666666 11.993055555555555 0.22252521253479665 0.168469412810783
586800.0 11.3125 11.541666666666666 12.0 0.22184238349556332 0.16812134115899968
587400.0 11.3125 11.541666666666666 12.006944444444445 0.22120507639227888 0.16778984434777747
588000.0 11.3125 11.541666666666666 12.01388888888889 0.22056776928899444 0.16745834753655525
588600.0 11.3125 11.541666666666666 12.020833333333334 0.21993046218571 0.16712685072533304
589200.0 11.319444444444445 11.541666666666666 12.027777777777779 0.21938419895432335 0.16686165327635524
589800.0 11.32638888888889 11.541666666666666 12.034722222222221 0.21883793572293667 0.16659645582737748
590400.0 11.333333333333334 11.541666666666666 12.041666666666666 0.21829167249155002 0.16633125837839968
591000.0 11.333333333333334 11.555555555555555 12.04861111111111 0.2176316044202911 0.1660494860888608
591600.0 11.333333333333334 11.569444444444445 12.055555555555555 0.21697153634903224 0.1657677137993219
592200.0 11.333333333333334 11.583333333333334 12.0625 0.21631146827777334 0.16548594150978302
592800.0 11.333333333333334 11.590277777777779 12.069444444444445 0.21569692214246333 0.16522074406080522
593400.0 11.333333333333334 11.597222222222221 12.07638888888889 0.21508237600715335 0.16495554661182746
594000.0 11.333333333333334 11.604166666666666 12.083333333333334 0.21446782987184335 0.16469034916284966
594600.0 11.333333333333334 11.604166666666666 12.083333333333334 0.2138305227685589 0.16445830139499412
595200.0 11.333333333333334 11.604166666666666 12.083333333333334 0.21319321566527444 0.16422625362713855
595800.0 11.333333333333334 11.604166666666666 12.083333333333334 0.21255590856199 0.163994205859283
596400.0 11.333333333333334 11.604166666666666 12.083333333333334 0.21212345017047557 0.16377873293198855
597000.0 11.333333333333334 11.604166666666666 12.083333333333334 0.2116909917789611 0.16356326000469412
597600.0 11.333333333333334 11.604166666666666 12.083333333333334 0.21125853338744668 0.16334778707739966
598200.0 11.333333333333334 11.604166666666666 12.083333333333334 0.21089435789985558 0.16318203867178854
598800.0 11.333333333333334 11.604166666666666 12.083333333333334 0.21053018241226445 0.16301629026617745
599400.0 11.333333333333334 11.604166666666666 12.083333333333334 0.21016600692467335 0.16285054186056633
600000.0 11.333333333333334 11.61111111111111 12.083333333333334 0.20980183143708223 0.16270136829551632
600600.0 11.333333333333334 11.618055555555555 12.083333333333334 0.20943765594949112 0.16255219473046634
601200.0 11.333333333333334 11.625 12.083333333333334 0.2090734804619 0.16240302116541633
601800.0 11.333333333333334 11.631944444444445 12.083333333333334 0.2087548269102578 0.16225384760036632
602400.0 11.333333333333334 11.63888888888889 12.083333333333334 0.20843617335861556 0.16210467403531634
603000.0 11.333333333333334 11.645833333333334 12.083333333333334 0.20811751980697335 0.16195550047026633
603600.0 11.333333333333334 11.652777777777779 12.090277777777779 0.20782162722330558 0.16185605142689966
604200.0 11.333333333333334 11.659722222222221 12.097222222222221 0.2075257346396378 0.161756602383533
604800.0 11.333333333333334 11.666666666666666 12.104166666666666 0.20722984205597003 0.16165715334016634
605400.0 11.32638888888889 11.666666666666666 12.11111111111111 0.2069111885043278 0.16152455461567744
606000.0 11.319444444444445 11.666666666666666 12.118055555555555 0.20659253495268556 0.16139195589118857
606600.0 11.3125 11.666666666666666 12.125 0.20627388140104333 0.16125935716669967
607200.0 11.305555555555555 11.666666666666666 12.131944444444445 0.20602351075332442 0.161159908123333
607800.0 11.29861111111111 11.666666666666666 12.13888888888889 0.20577314010560555 0.16106045907996633
608400.0 11.291666666666666 11.666666666666666 12.145833333333334 0.20552276945788664 0.16096101003659966
609000.0 11.277777777777777 11.659722222222221 12.152777777777779 0.20527239881016776 0.1608781358337941
609600.0 11.26388888888889 11.652777777777779 12.159722222222221 0.20502202816244888 0.16079526163098856
610200.0 11.25 11.645833333333334 12.166666666666666 0.20477165751473 0.160712387428183
610800.0 11.25 11.645833333333334 12.166666666666666 0.20454404783498556 0.16061293838481633
611400.0 11.25 11.645833333333334 12.166666666666666 0.20431643815524111 0.16051348934144968
612000.0 11.25 11.645833333333334 12.166666666666666 0.20408882847549667 0.160414040298083
612600.0 11.25 11.645833333333334 12.166666666666666 0.20390674073170112 0.16031459125471634
613200.0 11.25 11.645833333333334 12.166666666666666 0.20372465298790554 0.16021514221134966
613800.0 11.25 11.645833333333334 12.166666666666666 0.20354256524411 0.160115693167983
614400.0 11.25 11.645833333333334 12.17361111111111 0.20333771653234 0.16004939380573854
615000.0 11.25 11.645833333333334 12.180555555555555 0.20313286782057 0.15998309444349412
615600.0 11.25 11.645833333333334 12.1875 0.2029280191088 0.15991679508124967
616200.0 11.25 11.645833333333334 12.1875 0.2026776484610811 0.1598339208784441
616800.0 11.25 11.645833333333334 12.1875 0.20242727781336223 0.15975104667563855
617400.0 11.25 11.645833333333334 12.1875 0.20217690716564332 0.159668172472833
618000.0 11.243055555555555 11.645833333333334 12.1875 0.20199481942184777 0.15960187311058854
618600.0 11.23611111111111 11.645833333333334 12.1875 0.20181273167805222 0.15953557374834412
619200.0 11.229166666666666 11.645833333333334 12.1875 0.20163064393425667 0.15946927438609967
619800.0 11.222222222222221 11.63888888888889 12.1875 0.20142579522248666 0.15940297502385523
620400.0 11.215277777777779 11.631944444444445 12.1875 0.20122094651071668 0.15933667566161078
621000.0 11.208333333333334 11.625 12.1875 0.20101609779894666 0.15927037629936633
621600.0 11.194444444444445 11.618055555555555 12.1875 0.20085677102312555 0.15920407693712188
622200.0 11.180555555555555 11.61111111111111 12.1875 0.20069744424730443 0.15913777757487743
622800.0 11.166666666666666 11.604166666666666 12.1875 0.2005381174714833 0.15907147821263298
623400.0 11.166666666666666 11.604166666666666 12.1875 0.20040155166363666 0.15902175369094965
624000.0 11.166666666666666 11.604166666666666 12.1875 0.20026498585578997 0.15897202916926634
624600.0 11.166666666666666 11.604166666666666 12.1875 0.20012842004794332 0.158922304647583
625200.0 11.166666666666666 11.604166666666666 12.1875 0.19999185424009666 0.15887258012589967
625800.0 11.166666666666666 11.604166666666666 12.1875 0.19985528843225 0.15882285560421633
626400.0 11.166666666666666 11.604166666666666 12.1875 0.19971872262440335 0.158773131082533
627000.0 11.166666666666666 11.604166666666666 12.180555555555555 0.19955939584858223 0.15869025687972743
627600.0 11.166666666666666 11.604166666666666 12.17361111111111 0.19940006907276112 0.1586073826769219
628200.0 11.166666666666666 11.604166666666666 12.166666666666666 0.19924074229694 0.15852450847411634
628800.0 11.166666666666666 11.597222222222221 12.17361111111111 0.19908141552111888 0.1584913587929941
629400.0 11.166666666666666 11.590277777777779 12.180555555555555 0.19892208874529776 0.1584582091118719
630000.0 11.166666666666666 11.583333333333334 12.1875 0.19876276196947665 0.15842505943074967
630600.0 11.159722222222221 11.583333333333334 12.180555555555555 0.19860343519365553 0.15835876006850522
631200.0 11.152777777777779 11.583333333333334 12.17361111111111 0.19844410841783444 0.15829246070626077
631800.0 11.145833333333334 11.583333333333334 12.166666666666666 0.19828478164201332 0.15822616134401632
632400.0 11.145833333333334 11.583333333333334 12.166666666666666 0.1981254548661922 0.1581930116628941
633000.0 11.145833333333334 11.583333333333334 12.166666666666666 0.1979661280903711 0.1581598619817719
633600.0 11.145833333333334 11.583333333333334 12.166666666666666 0.19780680131454997 0.15812671230064967
634200.0 11.13888888888889 11.583333333333334 12.166666666666666 0.19769299647467775 0.15807698777896634
634800.0 11.131944444444445 11.583333333333334 12.166666666666666 0.19757919163480556 0.158027263257283
635400.0 11.125 11.583333333333334 12.166666666666666 0.19746538679493333 0.15797753873559967
636000.0 11.131944444444445 11.590277777777779 12.166666666666666 0.19730606001911222 0.15794438905447744
636600.0 11.13888888888889 11.597222222222221 12.166666666666666 0.19714673324329113 0.15791123937335524
637200.0 11.145833333333334 11.604166666666666 12.166666666666666 0.19698740646747 0.15787808969223302
637800.0 11.145833333333334 11.604166666666666 12.166666666666666 0.19685084065962336 0.15782836517054968
638400.0 11.145833333333334 11.604166666666666 12.166666666666666 0.19671427485177667 0.15777864064886635
639000.0 11.145833333333334 11.604166666666666 12.166666666666666 0.19657770904393002 0.157728916127183
639600.0 11.145833333333334 11.604166666666666 12.159722222222221 0.19639562130013444 0.15767919160549967
640200.0 11.145833333333334 11.604166666666666 12.152777777777779 0.1962135335563389 0.15762946708381634
640800.0 11.145833333333334 11.604166666666666 12.145833333333334 0.1960314458125433 0.157579742562133
641400.0 11.145833333333334 11.604166666666666 12.145833333333334 0.1959176409726711 0.15753001804044967
642000.0 11.145833333333334 11.604166666666666 12.145833333333334 0.19580383613279886 0.15748029351876633
642600.0 11.145833333333334 11.604166666666666 12.145833333333334 0.19569003129292664 0.157430568997083
643200.0 11.152777777777779 11.597222222222221 12.145833333333334 0.19644114323608333 0.16152455461567744
643800.0 11.159722222222221 11.590277777777779 12.145833333333334 0.19719225517924 0.1656185402342719
644400.0 11.166666666666666 11.583333333333334 12.145833333333334 0.19794336712239669 0.16971252585286634
645000.0 11.083333333333332 11.430555555555555 12.13888888888889 0.21148614306719113 0.16977882521511078
645600.0 11.0 11.277777777777779 12.131944444444445 0.22502891901198555 0.16984512457735523
646200.0 10.916666666666666 11.125 12.125 0.23857169495678 0.16991142393959968
646800.0 10.92361111111111 11.055555555555555 12.11111111111111 0.24191755724902334 0.18670173742800522
647400.0 10.930555555555555 10.98611111111111 12.097222222222223 0.24526341954126668 0.2034920509164108
648000.0 10.9375 10.916666666666666 12.083333333333334 0.24860928183351003 0.22028236440481633
648600.0 10.965277777777779 10.92361111111111 12.0625 0.24899621828907556 0.2246746971535108
649200.0 10.993055555555555 10.930555555555555 12.041666666666668 0.24938315474464112 0.22906702990220523
649800.0 11.020833333333334 10.9375 12.020833333333334 0.24977009120020666 0.2334593626508997
650400.0 11.01388888888889 10.95138888888889 12.0 0.2500887447518489 0.23367483557819413
651000.0 11.006944444444445 10.965277777777777 11.979166666666668 0.25040739830349107 0.2338903085054886
651600.0 11.0 10.979166666666666 11.958333333333334 0.2507260518551333 0.23410578143278302
652200.0 10.98611111111111 10.916666666666666 11.958333333333334 0.25484578705850774 0.23442070340344412
652800.0 10.972222222222223 10.854166666666666 11.958333333333334 0.2589655222618822 0.2347356253741052
653400.0 10.958333333333334 10.791666666666666 11.958333333333334 0.26308525746525663 0.2350505473447663
654000.0 10.902777777777779 10.722222222222221 11.944444444444445 0.27341873692565444 0.23519972090981642
654600.0 10.847222222222221 10.652777777777779 11.930555555555555 0.2837522163860522 0.23534889447486657
655200.0 10.791666666666666 10.583333333333334 11.916666666666666 0.29408569584645 0.23549806803991669
655800.0 10.79861111111111 10.57638888888889 11.895833333333332 0.29438158843011775 0.23564724160496656
656400.0 10.805555555555555 10.569444444444445 11.875 0.29467748101378555 0.23579641517001645
657000.0 10.8125 10.5625 11.854166666666666 0.2949733735974533 0.23594558873506633
657600.0 10.819444444444445 10.555555555555555 11.82638888888889 0.2948823297255555 0.23616106166236076
658200.0 10.82638888888889 10.54861111111111 11.79861111111111 0.29479128585365777 0.2363765345896552
658800.0 10.833333333333334 10.541666666666666 11.770833333333334 0.29470024198176 0.23659200751694964
659400.0 10.847222222222223 10.597222222222221 11.76388888888889 0.2928793645438044 0.2366748817197552
660000.0 10.86111111111111 10.652777777777779 11.756944444444445 0.29105848710584886 0.23675775592256074
660600.0 10.875 10.708333333333334 11.75 0.2892376096678933 0.2368406301253663
661200.0 10.88888888888889 10.75 11.75 0.28778090771752884 0.23682405528480518
661800.0 10.902777777777777 10.791666666666668 11.75 0.28632420576716444 0.2368074804442441
662400.0 10.916666666666666 10.833333333333334 11.75 0.2848675038168 0.236790905603683
663000.0 10.916666666666666 10.86111111111111 11.743055555555555 0.28418467477756665 0.2367909056036831
663600.0 10.916666666666666 10.88888888888889 11.73611111111111 0.2835018457383333 0.23679090560368324
664200.0 10.916666666666666 10.916666666666666 11.729166666666666 0.2828190166991 0.23679090560368335
664800.0 10.944444444444445 10.944444444444445 11.73611111111111 0.28288729960302333 0.2368737798064888
665400.0 10.972222222222221 10.972222222222221 11.743055555555555 0.28295558250694663 0.23695665400929425
666000.0 11.0 11.0 11.75 0.28302386541087 0.2370395282120997
666600.0 10.972222222222221 10.930555555555555 11.75 0.28632420576716444 0.23730472566107746
667200.0 10.944444444444445 10.86111111111111 11.75 0.2896245461234589 0.23756992311005523
667800.0 10.916666666666666 10.791666666666666 11.75 0.29292488647975334 0.237835120559033
668400.0 10.88888888888889 10.743055555555555 11.73611111111111 0.29579276844453334 0.23838209029754967
669000.0 10.86111111111111 10.694444444444445 11.722222222222223 0.29866065040931333 0.23892906003606634
669600.0 10.833333333333334 10.645833333333334 11.708333333333334 0.3015285323740933 0.23947602977458302
670200.0 10.854166666666668 10.666666666666668 11.70138888888889 0.29970765493613777 0.23962520333963302
670800.0 10.875 10.6875 11.694444444444445 0.2978867774981822 0.239774376904683
671400.0 10.895833333333334 10.708333333333334 11.6875 0.29606590006022665 0.23992355046973302
672000.0 10.902777777777779 10.73611111111111 11.680555555555555 0.2939036081026544 0.2400229995130997
672600.0 10.909722222222221 10.76388888888889 11.67361111111111 0.2917413161450822 0.24012244855646633
673200.0 10.916666666666666 10.791666666666666 11.666666666666666 0.28957902418750997 0.240221897599833
673800.0 10.92361111111111 10.82638888888889 11.666666666666666 0.2886913464365066 0.23839866513811078
674400.0 10.930555555555555 10.86111111111111 11.666666666666666 0.28780366868550333 0.23657543267638856
675000.0 10.9375 10.895833333333334 11.666666666666666 0.2869159909345 0.23475220021466633
675600.0 10.944444444444445 10.930555555555555 11.666666666666666 0.2859827912475478 0.23372456009987755
676200.0 10.95138888888889 10.965277777777779 11.666666666666666 0.28504959156059556 0.23269691998508876
676800.0 10.958333333333334 11.0 11.666666666666666 0.28411639187364335 0.23166927987029998
677400.0 10.958333333333334 11.020833333333334 11.666666666666666 0.28345632380238445 0.230492466190461
678000.0 10.958333333333334 11.041666666666666 11.666666666666666 0.28279625573112555 0.229315652510622
678600.0 10.958333333333334 11.0625 11.666666666666666 0.28213618765986664 0.228138838830783
679200.0 10.958333333333334 11.07638888888889 11.67361111111111 0.2817037292683522 0.2263321812096219
679800.0 10.958333333333334 11.090277777777777 11.680555555555555 0.2812712708768378 0.22452552358846076
680400.0 10.958333333333334 11.104166666666666 11.6875 0.28083881248532333 0.22271886596729965
681000.0 10.972222222222223 11.125 11.694444444444445 0.28022426635001335 0.22207244718541633
681600.0 10.98611111111111 11.145833333333332 11.70138888888889 0.2796097202147033 0.22142602840353298
682200.0 11.0 11.166666666666666 11.708333333333334 0.27899517407939334 0.22077960962164966
682800.0 11.006944444444445 11.166666666666666 11.708333333333334 0.27853995471990445 0.21958622110124967
683400.0 11.01388888888889 11.166666666666666 11.708333333333334 0.27808473536041556 0.21839283258084966
684000.0 11.020833333333334 11.166666666666666 11.708333333333334 0.27762951600092667 0.21719944406044966
684600.0 11.027777777777779 11.180555555555555 11.715277777777779 0.2769922088976422 0.2166690491624941
685200.0 11.034722222222221 11.194444444444445 11.722222222222221 0.2763549017943578 0.21613865426453854
685800.0 11.041666666666666 11.208333333333334 11.729166666666666 0.2757175946910733 0.21560825936658298
686400.0 11.041666666666666 11.229166666666668 11.729166666666666 0.27537618017145665 0.21537621159872744
687000.0 11.041666666666666 11.25 11.729166666666666 0.27503476565184 0.21514416383087187
687600.0 11.041666666666666 11.270833333333334 11.729166666666666 0.2746933511322233 0.21491211606301633
688200.0 11.04861111111111 11.270833333333334 11.73611111111111 0.2744657414524789 0.2147297928168441
688800.0 11.055555555555555 11.270833333333334 11.743055555555555 0.27423813177273443 0.2145474695706719
689400.0 11.0625 11.270833333333334 11.75 0.27401052209299 0.21436514632449966
690000.0 11.0625 11.277777777777779 11.756944444444445 0.27378291241324554 0.21409994887552186
690600.0 11.0625 11.284722222222221 11.76388888888889 0.2735553027335011 0.2138347514265441
691200.0 11.0625 11.291666666666666 11.770833333333334 0.27332769305375665 0.2135695539775663
691800.0 11.0625 11.305555555555555 11.770833333333334 0.2730318004700889 0.21333750620971076
692400.0 11.0625 11.319444444444445 11.770833333333334 0.2727359078864211 0.21310545844185522
693000.0 11.0625 11.333333333333334 11.770833333333334 0.27244001530275336 0.21287341067399967
693600.0 11.069444444444445 11.347222222222223 11.777777777777779 0.2719165130393411 0.21254191386277743
694200.0 11.07638888888889 11.36111111111111 11.784722222222221 0.27139301077592887 0.21221041705155522
694800.0 11.083333333333334 11.375 11.791666666666666 0.2708695085125166 0.21187892024033297
695400.0 11.083333333333334 11.375 11.791666666666666 0.27089226948049105 0.21073525624161632
696000.0 11.083333333333334 11.375 11.791666666666666 0.27091503044846554 0.20959159224289964
696600.0 11.083333333333334 11.375 11.791666666666666 0.27093779141644 0.20844792824418298
697200.0 11.083333333333334 11.375 11.805555555555555 0.2721896446550344 0.20844792824418298
697800.0 11.083333333333334 11.375 11.819444444444445 0.27344149789362887 0.208447928244183
698400.0 11.083333333333334 11.375 11.833333333333334 0.2746933511322233 0.208447928244183
699000.0 11.083333333333334 11.375 11.833333333333334 0.27519409242766113 0.2097739154890719
699600.0 11.083333333333334 11.375 11.833333333333334 0.2756948337230989 0.2110999027339608
700200.0 11.083333333333334 11.375 11.833333333333334 0.2761955750185367 0.21242588997884967
700800.0 11.083333333333334 11.38888888888889 11.833333333333334 0.2767418382499234 0.2116965969941608
701400.0 11.083333333333334 11.402777777777777 11.833333333333334 0.27728810148131 0.2109673040094719
702000.0 11.083333333333334 11.416666666666666 11.833333333333334 0.2778343647126967 0.210238011024783
702600.0 11.083333333333334 11.416666666666666 11.840277777777779 0.27799369148851777 0.21010541230029411
703200.0 11.083333333333334 11.416666666666666 11.847222222222221 0.2781530182643389 0.20997281357580522
703800.0 11.083333333333334 11.416666666666666 11.854166666666666 0.27831234504016 0.20984021485131632
704400.0 11.083333333333334 11.375 11.854166666666666 0.27983732989444776 0.21293971003624412
705000.0 11.083333333333334 11.333333333333332 11.854166666666666 0.2813623147487356 0.2160392052211719
705600.0 11.083333333333334 11.291666666666666 11.854166666666666 0.28288729960302333 0.2191387004060997
706200.0 11.0625 11.243055555555555 11.854166666666666 0.2847081770409789 0.22193984846092746
706800.0 11.041666666666668 11.194444444444445 11.854166666666666 0.28652905447893445 0.22474099651575524
707400.0 11.020833333333334 11.145833333333334 11.854166666666666 0.28834993191689 0.227542144570583
708000.0 11.034722222222223 11.180555555555555 11.840277777777777 0.2882361270770178 0.228735533090983
708600.0 11.04861111111111 11.215277777777779 11.82638888888889 0.28812232223714557 0.229928921611383
709200.0 11.0625 11.25 11.8125 0.28800851739727334 0.231122310131783
709800.0 11.069444444444445 11.26388888888889 11.8125 0.2872346444861422 0.23191790247871633
710400.0 11.07638888888889 11.277777777777777 11.8125 0.28646077157501115 0.23271349482564968
711000.0 11.083333333333334 11.291666666666666 11.8125 0.28568689866388003 0.233509087172583
711600.0 11.083333333333334 11.305555555555555 11.819444444444445 0.28514063543249335 0.23374113494043855
712200.0 11.083333333333334 11.319444444444445 11.82638888888889 0.28459437220110667 0.2339731827082941
712800.0 11.083333333333334 11.333333333333334 11.833333333333334 0.28404810896972 0.23420523047614963
713400.0 11.083333333333334 11.340277777777779 11.833333333333334 0.2834790847703589 0.23418865563558852
714000.0 11.083333333333334 11.347222222222221 11.833333333333334 0.2829100605709978 0.23417208079502744
714600.0 11.083333333333334 11.354166666666666 11.833333333333334 0.2823410363716367 0.23415550595446633
715200.0 11.07638888888889 11.36111111111111 11.82638888888889 0.2834563238023845 0.23372456009987755
715800.0 11.069444444444445 11.368055555555555 11.819444444444445 0.28457161123313224 0.2332936142452888
716400.0 11.0625 11.375 11.8125 0.28568689866388003 0.23286266839070002
717000.0 11.055555555555555 11.347222222222221 11.8125 0.2872574054541167 0.23362511105651101
717600.0 11.04861111111111 11.319444444444445 11.8125 0.28882791224435334 0.23438755372232198
718200.0 11.041666666666666 11.291666666666666 11.8125 0.29039841903459 0.23514999638813297
718800.0 11.04861111111111 11.291666666666666 11.8125 0.29087639936205334 0.2360947623001163
719400.0 11.055555555555555 11.291666666666666 11.8125 0.29135437968951666 0.23703952821209964
720000.0 11.0625 11.291666666666666 11.8125 0.29183236001698 0.23798429412408298
720600.0 11.055555555555555 11.270833333333332 11.8125 0.29376704229480777 0.23884618583326075
721200.0 11.04861111111111 11.25 11.8125 0.29570172457263555 0.23970807754243856
721800.0 11.041666666666666 11.229166666666666 11.8125 0.29763640685046333 0.24056996925161633
722400.0 11.0625 11.25 11.8125 0.29672596813148555 0.2408020170194719
723000.0 11.083333333333332 11.270833333333332 11.8125 0.2958155294125078 0.24103406478732745
723600.0 11.104166666666666 11.291666666666666 11.8125 0.29490509069353005 0.24126611255518302
724200.0 11.118055555555555 11.305555555555555 11.8125 0.2941312177823989 0.24134898675798858
724800.0 11.131944444444445 11.319444444444445 11.8125 0.29335734487126774 0.2414318609607941
725400.0 11.145833333333334 11.333333333333334 11.8125 0.2925834719601366 0.24151473516359967
726000.0 11.152777777777779 11.354166666666668 11.8125 0.29196892582482664 0.24153131000416078
726600.0 11.159722222222221 11.375 11.8125 0.29135437968951666 0.24154788484472187
727200.0 11.166666666666666 11.395833333333334 11.8125 0.2907398335542067 0.24156445968528298
727800.0 11.180555555555555 11.402777777777779 11.8125 0.29005700451497335 0.24153131000416078
728400.0 11.194444444444445 11.409722222222221 11.8125 0.28937417547574 0.24149816032303856
729000.0 11.208333333333334 11.416666666666666 11.8125 0.2886913464365067 0.24146501064191636
729600.0 11.222222222222223 11.430555555555555 11.819444444444445 0.28828164901296666 0.2413821364391108
730200.0 11.23611111111111 11.444444444444445 11.82638888888889 0.2878719515894267 0.2412992622363052
730800.0 11.25 11.458333333333334 11.833333333333334 0.28746225416588667 0.24121638803349965
731400.0 11.26388888888889 11.479166666666668 11.833333333333334 0.2869387519024744 0.23763622247229965
732000.0 11.277777777777777 11.5 11.833333333333334 0.28641524963906223 0.23405605691109965
732600.0 11.291666666666666 11.520833333333334 11.833333333333334 0.28589174737565 0.23047589134989965
733200.0 11.3125 11.541666666666668 11.833333333333334 0.2852316793043911 0.22974659836521077
733800.0 11.333333333333332 11.5625 11.833333333333334 0.28457161123313224 0.22901730538052187
734400.0 11.354166666666666 11.583333333333334 11.833333333333334 0.28391154316187334 0.228288012395833
735000.0 11.38888888888889 11.597222222222223 11.833333333333334 0.28354736767428224 0.22774104265731634
735600.0 11.42361111111111 11.61111111111111 11.833333333333334 0.2831831921866911 0.22719407291879967
736200.0 11.458333333333334 11.625 11.833333333333334 0.2828190166991 0.22664710318028303
736800.0 11.48611111111111 11.652777777777779 11.840277777777779 0.28250036314745774 0.22576863663054414
737400.0 11.51388888888889 11.680555555555555 11.847222222222221 0.28218170959581557 0.22489017008080522
738000.0 11.541666666666666 11.708333333333334 11.854166666666666 0.28186305604417333 0.22401170353106634
738600.0 11.5625 11.729166666666668 11.86111111111111 0.2814533586206333 0.22343158411142744
739200.0 11.583333333333332 11.75 11.868055555555555 0.28104366119709334 0.22285146469178857
739800.0 11.604166666666666 11.770833333333334 11.875 0.2806339637735533 0.22227134527214967
740400.0 11.631944444444445 11.79861111111111 11.88888888888889 0.2799056127983711 0.2218569742581219
741000.0 11.659722222222221 11.82638888888889 11.902777777777777 0.27917726182318886 0.2214426032440941
741600.0 11.6875 11.854166666666666 11.916666666666666 0.27844891084800666 0.22102823223006632
742200.0 11.722222222222221 11.868055555555555 11.92361111111111 0.2780164524564922 0.2208127593027719
742800.0 11.756944444444445 11.881944444444445 11.930555555555555 0.2775839940649778 0.22059728637547743
743400.0 11.791666666666666 11.895833333333334 11.9375 0.27715153567346335 0.220381813448183
744000.0 11.8125 11.909722222222223 11.944444444444445 0.2768328821218211 0.22013319083976632
744600.0 11.833333333333332 11.92361111111111 11.95138888888889 0.27651422857017893 0.21988456823134966
745200.0 11.854166666666666 11.9375 11.958333333333334 0.2761955750185367 0.21963594562293298
745800.0 11.88888888888889 11.972222222222221 11.972222222222223 0.2756948337230989 0.21942047269563855
746400.0 11.92361111111111 12.006944444444445 11.98611111111111 0.27519409242766113 0.2192049997683441
747000.0 11.958333333333334 12.041666666666666 12.0 0.2746933511322233 0.21898952684104966
747600.0 11.972222222222223 12.041666666666666 12.0 0.27426089274070886 0.21877405391375523
748200.0 11.98611111111111 12.041666666666666 12.0 0.27382843434919446 0.21855858098646078
748800.0 12.0 12.041666666666666 12.0 0.27339597595768 0.21834310805916635
749400.0 12.020833333333334 12.055555555555555 12.0 0.2730318004700889 0.21807791061018855
750000.0 12.041666666666666 12.069444444444445 12.0 0.27266762498249775 0.21781271316121079
750600.0 12.0625 12.083333333333334 12.0 0.27230344949490665 0.217547515712233
751200.0 12.069444444444445 12.104166666666668 12.020833333333334 0.27196203497529 0.2171165698576441
751800.0 12.07638888888889 12.125 12.041666666666666 0.2716206204556733 0.21668562400305522
752400.0 12.083333333333334 12.145833333333334 12.0625 0.27127920593605664 0.21625467814846633
753000.0 12.097222222222223 12.152777777777779 12.069444444444445 0.27093779141644 0.21509443930918856
753600.0 12.11111111111111 12.159722222222221 12.07638888888889 0.2705963768968233 0.21393420046991077
754200.0 12.125 12.166666666666666 12.083333333333334 0.27025496237720664 0.212773961630633
754800.0 12.131944444444445 12.17361111111111 12.083333333333334 0.2699363088255644 0.211729746675283
755400.0 12.13888888888889 12.180555555555555 12.083333333333334 0.26961765527392223 0.210685531719933
756000.0 12.145833333333334 12.1875 12.083333333333334 0.26929900172228 0.209641316764583
756600.0 12.159722222222223 12.194444444444445 12.097222222222223 0.2690486310745611 0.20602800152226078
757200.0 12.17361111111111 12.20138888888889 12.11111111111111 0.26879826042684224 0.20241468627993855
757800.0 12.1875 12.208333333333334 12.125 0.26854788977912336 0.19880137103761633
758400.0 12.215277777777779 12.291666666666668 12.131944444444445 0.2858234644717267 0.20788438366510523
759000.0 12.243055555555555 12.375 12.13888888888889 0.30309903916433 0.2169673962925941
759600.0 12.270833333333334 12.458333333333334 12.145833333333334 0.32037461385693333 0.226050408920083
760200.0 12.26388888888889 12.444444444444445 12.152777777777779 0.3159589860698911 0.23196762700039966
760800.0 12.256944444444445 12.430555555555555 12.159722222222221 0.3115433582828489 0.23788484508071633
761400.0 12.25 12.416666666666666 12.166666666666666 0.30712773049580666 0.243802063161033
762000.0 12.256944444444445 12.416666666666666 12.1875 0.3042826094990011 0.24461423034852744
762600.0 12.26388888888889 12.416666666666666 12.208333333333332 0.3014374885021956 0.2454263975360219
763200.0 12.270833333333334 12.416666666666666 12.229166666666666 0.29859236750539003 0.24623856472351635
763800.0 12.277777777777779 12.416666666666666 12.229166666666666 0.2969763387792045 0.24453135614572188
764400.0 12.284722222222221 12.416666666666666 12.229166666666666 0.2953603100530189 0.24282414756792745
765000.0 12.291666666666666 12.416666666666666 12.229166666666666 0.29374428132683333 0.24111693899013298
765600.0 12.291666666666666 12.416666666666666 12.23611111111111 0.29292488647975334 0.2412992622363052
766200.0 12.291666666666666 12.416666666666666 12.243055555555555 0.2921054916326733 0.24148158548247747
766800.0 12.291666666666666 12.416666666666666 12.25 0.2912860967855933 0.2416639087286497
767400.0 12.29861111111111 12.42361111111111 12.256944444444445 0.29067155065028333 0.2415147351635997
768000.0 12.305555555555555 12.430555555555555 12.26388888888889 0.29005700451497335 0.2413655615985497
768600.0 12.3125 12.4375 12.270833333333334 0.28944245837966337 0.24121638803349968
769200.0 12.3125 12.444444444444445 12.270833333333334 0.28894171708422556 0.24101748994676633
769800.0 12.3125 12.45138888888889 12.270833333333334 0.2884409757887878 0.240818591860033
770400.0 12.3125 12.458333333333334 12.270833333333334 0.28794023449335 0.24061969377329964
771000.0 12.32638888888889 12.458333333333334 12.284722222222223 0.28732568835804 0.23868043742764966
771600.0 12.340277777777777 12.458333333333334 12.29861111111111 0.28671114222273 0.23674118108199965
772200.0 12.354166666666666 12.458333333333334 12.3125 0.28609659608742 0.23480192473634967
772800.0 12.36111111111111 12.465277777777779 12.3125 0.28570965963185446 0.23428810467895522
773400.0 12.368055555555555 12.472222222222221 12.3125 0.2853227231762889 0.2337742846215608
774000.0 12.375 12.479166666666666 12.3125 0.28493578672072334 0.23326046456416635
774600.0 12.375 12.479166666666666 12.3125 0.28457161123313224 0.232166525087133
775200.0 12.375 12.479166666666666 12.3125 0.2842074357455411 0.23107258561009966
775800.0 12.375 12.479166666666666 12.3125 0.28384326025795 0.22997864613306632
776400.0 12.381944444444445 12.493055555555555 12.32638888888889 0.28352460670630775 0.22961399964072188
777000.0 12.38888888888889 12.506944444444445 12.340277777777777 0.28320595315466557 0.22924935314837744
777600.0 12.395833333333334 12.520833333333334 12.354166666666666 0.28288729960302333 0.228884706656033
778200.0 12.416666666666668 12.527777777777779 12.354166666666666 0.2824548412115089 0.228138838830783
778800.0 12.4375 12.534722222222221 12.354166666666666 0.2820223828199945 0.227392971005533
779400.0 12.458333333333334 12.541666666666666 12.354166666666666 0.28158992442848 0.226647103180283
780000.0 12.465277777777779 12.54861111111111 12.368055555555555 0.28131679281278665 0.22624930700681634
780600.0 12.472222222222221 12.555555555555555 12.381944444444445 0.28104366119709334 0.22585151083334964
781200.0 12.479166666666666 12.5625 12.395833333333334 0.2807705295814 0.22545371465988298
781800.0 12.48611111111111 12.57638888888889 12.395833333333334 0.28049739796570666 0.225155367529783
782400.0 12.493055555555555 12.590277777777777 12.395833333333334 0.2802242663500133 0.224857020399683
783000.0 12.5 12.604166666666666 12.395833333333334 0.27995113473432 0.224558673269583
783600.0 12.506944444444445 12.604166666666666 12.402777777777779 0.2796552421506522 0.2242271764583608
784200.0 12.51388888888889 12.604166666666666 12.409722222222221 0.27935934956698444 0.22389567964713858
784800.0 12.520833333333334 12.604166666666666 12.416666666666666 0.27906345698331664 0.22356418283591636
785400.0 12.527777777777779 12.61111111111111 12.416666666666666 0.2787903253676233 0.22253654272112747
786000.0 12.534722222222221 12.618055555555555 12.416666666666666 0.27851719375193 0.22150890260633857
786600.0 12.541666666666666 12.625 12.416666666666666 0.2782440621362367 0.22048126249154967
787200.0 12.54861111111111 12.631944444444445 12.416666666666666 0.27792540858459447 0.21975196950686077
787800.0 12.555555555555555 12.63888888888889 12.416666666666666 0.27760675503295223 0.2190226765221719
788400.0 12.5625 12.645833333333334 12.416666666666666 0.27728810148131 0.21829338353748298
789000.0 12.57638888888889 12.645833333333334 12.416666666666666 0.27708325276954 0.21719944406044966
789600.0 12.590277777777777 12.645833333333334 12.416666666666666 0.27687840405777 0.21610550458341632
790200.0 12.604166666666666 12.645833333333334 12.416666666666666 0.27667355534599997 0.215011565106383
790800.0 12.604166666666666 12.659722222222223 12.430555555555555 0.2763321408263833 0.213519829455883
791400.0 12.604166666666666 12.67361111111111 12.444444444444445 0.27599072630676663 0.212028093805383
792000.0 12.604166666666666 12.6875 12.458333333333334 0.27564931178714996 0.210536358154883
792600.0 12.604166666666666 12.6875 12.465277777777779 0.2753989411394311 0.20801698238959412
793200.0 12.604166666666666 12.6875 12.472222222222221 0.2751485704917122 0.20549760662430522
793800.0 12.604166666666666 12.6875 12.479166666666666 0.27489819984399333 0.20297823085901634
794400.0 12.61111111111111 12.694444444444445 12.493055555555555 0.27464782919627445 0.20276275793172188
795000.0 12.618055555555555 12.70138888888889 12.506944444444445 0.2743974585485556 0.20254728500442745
795600.0 12.625 12.708333333333334 12.520833333333334 0.2741470879008367 0.202331812077133
796200.0 12.625 12.708333333333334 12.527777777777779 0.2738739562851433 0.202182638512083
796800.0 12.625 12.708333333333334 12.534722222222221 0.27360082466945 0.202033464947033
797400.0 12.625 12.708333333333334 12.541666666666666 0.27332769305375665 0.20188429138198302
798000.0 12.625 12.708333333333334 12.541666666666666 0.27312284434198664 0.2016688184546886
798600.0 12.625 12.708333333333334 12.541666666666666 0.2729179956302167 0.20145334552739413
799200.0 12.625 12.708333333333334 12.541666666666666 0.27271314691844667 0.2012378726000997
799800.0 12.625 12.708333333333334 12.541666666666666 0.2725310591746511 0.2011052738756108
800400.0 12.625 12.708333333333334 12.541666666666666 0.27234897143085557 0.2009726751511219
801000.0 12.625 12.708333333333334 12.541666666666666 0.27216688368706 0.200840076426633
801600.0 12.618055555555555 12.708333333333334 12.541666666666666 0.27187099110339225 0.200541729296533
802200.0 12.61111111111111 12.708333333333334 12.541666666666666 0.27157509851972444 0.200243382166433
802800.0 12.604166666666666 12.708333333333334 12.541666666666666 0.2712792059360567 0.19994503503633299
803400.0 12.61111111111111 12.708333333333334 12.541666666666666 0.2711198791602356 0.199795861471283
804000.0 12.618055555555555 12.708333333333334 12.541666666666666 0.27096055238441447 0.199646687906233
804600.0 12.625 12.708333333333334 12.541666666666666 0.2708012256085934 0.199497514341183
805200.0 12.625 12.708333333333334 12.541666666666666 0.27059637689682337 0.199348340776133
805800.0 12.625 12.708333333333334 12.541666666666666 0.27039152818505335 0.19919916721108302
806400.0 12.625 12.708333333333334 12.541666666666666 0.27018667947328334 0.199049993646033
807000.0 12.625 12.715277777777779 12.541666666666666 0.27000459172948776 0.19893396976210523
807600.0 12.625 12.722222222222221 12.541666666666666 0.26982250398569224 0.19881794587817744
808200.0 12.625 12.729166666666666 12.541666666666666 0.26964041624189666 0.19870192199424966
808800.0 12.625 12.73611111111111 12.54861111111111 0.26932176269025443 0.1985693232697608
809400.0 12.625 12.743055555555555 12.555555555555555 0.26900310913861225 0.1984367245452719
810000.0 12.625 12.75 12.5625 0.26868445558697 0.19830412582078302
810600.0 12.63888888888889 12.76388888888889 12.5625 0.2683658020353278 0.19818810193685524
811200.0 12.652777777777777 12.777777777777777 12.5625 0.26804714848368555 0.19807207805292745
811800.0 12.666666666666666 12.791666666666666 12.5625 0.2677284949320433 0.19795605416899967
812400.0 12.6875 12.79861111111111 12.57638888888889 0.26738708041242665 0.19782345544451077
813000.0 12.708333333333332 12.805555555555555 12.590277777777777 0.26704566589281 0.19769085672002187
813600.0 12.729166666666666 12.8125 12.604166666666666 0.2667042513731933 0.19755825799553298
814200.0 12.73611111111111 12.82638888888889 12.61111111111111 0.2663173149176278 0.19739250958992188
814800.0 12.743055555555555 12.840277777777777 12.618055555555555 0.2659303784620622 0.19722676118431076
815400.0 12.75 12.854166666666666 12.625 0.26554344200649665 0.19706101277869967
816000.0 12.777777777777779 12.86111111111111 12.645833333333334 0.2622431016502022 0.1898343822944696
816600.0 12.805555555555555 12.868055555555555 12.666666666666666 0.25894276129390775 0.18260775181023955
817200.0 12.833333333333334 12.875 12.6875 0.2556424209376133 0.1753811213260095
817800.0 12.833333333333334 12.875 12.6875 0.25520996254609885 0.17513249871759282
818400.0 12.833333333333334 12.875 12.6875 0.25477750415458444 0.17488387610917616
819000.0 12.833333333333334 12.875 12.6875 0.25434504576307 0.17463525350075948
819600.0 12.86111111111111 12.885416666666666 12.708333333333334 0.25393534833953 0.17428718184897615
820200.0 12.88888888888889 12.895833333333334 12.729166666666666 0.25352565091599 0.17393911019719283
820800.0 12.916666666666666 12.90625 12.75 0.25311595349245003 0.1735910385454095
821400.0 12.930555555555555 12.916666666666666 12.75 0.2525924512290378 0.1732926914153095
822000.0 12.944444444444445 12.927083333333334 12.75 0.2520689489656256 0.1729943442852095
822600.0 12.958333333333334 12.9375 12.75 0.25154544670221335 0.1726959971551095
823200.0 12.979166666666668 12.9375 12.75 0.2510219444388011 0.17242251228585118
823800.0 13.0 12.9375 12.75 0.2504984421753889 0.17214902741659283
824400.0 13.020833333333334 12.9375 12.75 0.2499749399119767 0.1718755425473345
825000.0 13.034722222222223 12.958333333333334 12.75 0.24938315474464112 0.1715771954172345
825600.0 13.04861111111111 12.979166666666666 12.75 0.24879136957730558 0.1712788482871345
826200.0 13.0625 13.0 12.75 0.24819958440997 0.1709805011570345
826800.0 13.090277777777779 13.010416666666666 12.75 0.24749399440276224 0.17073187854861785
827400.0 13.118055555555555 13.020833333333334 12.75 0.24678840439555444 0.17048325594020117
828000.0 13.145833333333334 13.03125 12.75 0.24608281438834667 0.1702346333317845
828600.0 13.152777777777779 13.041666666666666 12.75 0.24553655115696 0.16983683715831785
829200.0 13.159722222222221 13.052083333333334 12.75 0.24499028792557334 0.16943904098485116
829800.0 13.166666666666666 13.0625 12.75 0.24444402469418666 0.1690412448113845
830400.0 13.194444444444445 13.0625 12.760416666666666 0.24387500049482555 0.16869317315960117
831000.0 13.222222222222221 13.0625 12.770833333333334 0.24330597629546447 0.1683451015078178
831600.0 13.25 13.0625 12.78125 0.24273695209610335 0.16799702985603449
832200.0 13.26388888888889 13.072916666666666 12.78125 0.24223621080066557 0.1677732695084595
832800.0 13.277777777777777 13.083333333333334 12.78125 0.24173546950522776 0.16754950916088449
833400.0 13.291666666666666 13.09375 12.78125 0.24123472820978997 0.1673257488133095
834000.0 13.305555555555555 13.114583333333334 12.791666666666666 0.24082503078624998 0.1671019884657345
834600.0 13.319444444444445 13.135416666666666 12.802083333333334 0.24041533336271 0.1668782281181595
835200.0 13.333333333333334 13.15625 12.8125 0.24000563593917001 0.1666544677705845
835800.0 13.347222222222223 13.166666666666666 12.822916666666666 0.23961869948360445 0.16648043194469284
836400.0 13.36111111111111 13.177083333333334 12.833333333333334 0.2392317630280389 0.1663063961188012
837000.0 13.375 13.1875 12.84375 0.23884482657247333 0.1661323602929095
837600.0 13.38888888888889 13.1875 12.84375 0.23850341205285666 0.16595832446701783
838200.0 13.402777777777777 13.1875 12.84375 0.23816199753324 0.16578428864112618
838800.0 13.416666666666666 13.1875 12.84375 0.23782058301362333 0.1656102528152345
839400.0 13.416666666666666 13.197916666666666 12.854166666666666 0.23736536365413444 0.1654113547285012
840000.0 13.416666666666666 13.208333333333334 12.864583333333334 0.23691014429464555 0.16521245664176784
840600.0 13.416666666666666 13.21875 12.875 0.23645492493515666 0.16501355855503452
841200.0 13.416666666666666 13.21875 12.875 0.23613627138351442 0.1648643849899845
841800.0 13.416666666666666 13.21875 12.875 0.23581761783187222 0.1647152114249345
842400.0 13.416666666666666 13.21875 12.875 0.23549896428022998 0.1645660378598845
843000.0 13.409722222222221 13.229166666666666 12.885416666666666 0.2352030716965622 0.16441686429483449
843600.0 13.402777777777779 13.239583333333334 12.895833333333334 0.23490717911289447 0.1642676907297845
844200.0 13.395833333333334 13.25 12.90625 0.2346112865292267 0.1641185171647345
844800.0 13.395833333333334 13.25 12.90625 0.2343609158815078 0.1639693435996845
845400.0 13.395833333333334 13.25 12.90625 0.2341105452337889 0.1638201700346345
846000.0 13.395833333333334 13.25 12.90625 0.23386017458607 0.1636709964695845
846600.0 13.381944444444445 13.25 12.916666666666666 0.23367808684227445 0.16354668516537615
847200.0 13.368055555555555 13.25 12.927083333333334 0.2334959990984789 0.16342237386116784
847800.0 13.354166666666666 13.25 12.9375 0.23331391135468335 0.1632980625569595
848400.0 13.347222222222221 13.260416666666666 12.9375 0.23310906264291334 0.16317375125275116
849000.0 13.340277777777779 13.270833333333334 12.9375 0.23290421393114333 0.16304943994854285
849600.0 13.333333333333334 13.28125 12.9375 0.23269936521937332 0.1629251286443345
850200.0 13.333333333333334 13.28125 12.9375 0.23256279941152666 0.16280081734012616
850800.0 13.333333333333334 13.28125 12.9375 0.23242623360368 0.16267650603591785
851400.0 13.333333333333334 13.28125 12.9375 0.23228966779583335 0.1625521947317095
852000.0 13.3125 13.28125 12.947916666666666 0.23213034102001223 0.16245274568834284
852600.0 13.291666666666668 13.28125 12.958333333333334 0.23197101424419111 0.16235329664497616
853200.0 13.270833333333334 13.28125 12.96875 0.23181168746837 0.1622538476016095
853800.0 13.256944444444445 13.270833333333334 12.96875 0.23167512166052334 0.16212953629740115
854400.0 13.243055555555555 13.260416666666666 12.96875 0.23153855585267666 0.16200522499319284
855000.0 13.229166666666666 13.25 12.96875 0.23140199004483 0.1618809136889845
855600.0 13.222222222222221 13.25 12.96875 0.23126542423698332 0.16175660238477615
856200.0 13.215277777777779 13.25 12.96875 0.23112885842913666 0.16163229108056784
856800.0 13.208333333333334 13.25 12.96875 0.23099229262128998 0.1615079797763595
857400.0 13.20138888888889 13.25 12.979166666666666 0.23087848778141776 0.16140853073299283
858000.0 13.194444444444445 13.25 12.989583333333334 0.23076468294154553 0.16130908168962618
858600.0 13.1875 13.25 13.0 0.2306508781016733 0.1612096326462595
859200.0 13.17361111111111 13.25 13.0 0.23053707326180112 0.16108532134205117
859800.0 13.159722222222223 13.25 13.0 0.2304232684219289 0.16096101003784283
860400.0 13.145833333333334 13.25 13.0 0.2303094635820567 0.1608366987336345
861000.0 13.13888888888889 13.25 13.0 0.23017289777421002 0.16076211195110948
861600.0 13.131944444444445 13.25 13.0 0.23003633196636336 0.1606875251685845
862200.0 13.125 13.25 13.0 0.22989976615851668 0.1606129383860595
862800.0 13.118055555555555 13.25 13.0 0.22980872228661892 0.16051348934269283
863400.0 13.11111111111111 13.25 13.0 0.22971767841472113 0.16041404029932615
864000.0 13.104166666666666 13.25 13.0 0.22962663454282337 0.16031459125595948
864600.0 13.090277777777777 13.239583333333334 13.0 0.22951282970295112 0.16024000447343448
865200.0 13.07638888888889 13.229166666666666 13.0 0.2293990248630789 0.1601654176909095
865800.0 13.0625 13.21875 13.0 0.22928522002320664 0.1600908309083845
866400.0 13.055555555555555 13.21875 13.0 0.22919417615130888 0.1600162441258595
867000.0 13.04861111111111 13.21875 13.0 0.2291031322794111 0.15994165734333451
867600.0 13.041666666666666 13.21875 13.0 0.22901208840751333 0.1598670705608095
868200.0 13.027777777777777 13.21875 13.0 0.2288982835676411 0.15976762151744284
868800.0 13.01388888888889 13.21875 13.0 0.2287844787277689 0.15966817247407616
869400.0 13.0 13.21875 13.0 0.22867067388789666 0.1595687234307095
870000.0 12.993055555555555 13.197916666666666 13.0 0.22855686904802444 0.1594941366481845
870600.0 12.98611111111111 13.177083333333334 13.0 0.22844306420815222 0.1594195498656595
871200.0 12.979166666666666 13.15625 13.0 0.22832925936828 0.1593449630831345
871800.0 12.972222222222221 13.15625 13.0 0.2282382154963822 0.15924551403976783
872400.0 12.965277777777779 13.15625 13.0 0.22814717162448445 0.15914606499640116
873000.0 12.958333333333334 13.15625 13.0 0.22805612775258666 0.1590466159530345
873600.0 12.958333333333334 13.15625 13.0 0.22798784484866333 0.15897202917050948
874200.0 12.958333333333334 13.15625 13.0 0.22791956194474 0.1588974423879845
874800.0 12.958333333333334 13.15625 13.0 0.22785127904081667 0.1588228556054595
875400.0 12.95138888888889 13.15625 13.0 0.22773747420094445 0.1587482688229345
876000.0 12.944444444444445 13.15625 13.0 0.22762366936107223 0.15867368204040952
876600.0 12.9375 13.15625 13.0 0.2275098645212 0.15859909525788451
877200.0 12.92361111111111 13.15625 13.0 0.22744158161727668 0.1585245084753595
877800.0 12.909722222222223 13.15625 13.0 0.22737329871335332 0.1584499216928345
878400.0 12.895833333333334 13.15625 13.0 0.22730501580943 0.1583753349103095
879000.0 12.881944444444445 13.145833333333334 13.0 0.22719121096955777 0.15832561038862616
879600.0 12.868055555555555 13.135416666666666 13.0 0.22707740612968555 0.15827588586694286
880200.0 12.854166666666666 13.125 13.0 0.22696360128981333 0.15822616134525952
880800.0 12.854166666666666 13.114583333333334 13.0 0.22691807935386443 0.15812671230189285
881400.0 12.854166666666666 13.104166666666666 13.0 0.22687255741791557 0.15802726325852617
882000.0 12.854166666666666 13.09375 13.0 0.22682703548196667 0.1579278142151595
882600.0 12.840277777777777 13.09375 13.0 0.22673599161006888 0.15787808969347616
883200.0 12.82638888888889 13.09375 13.0 0.2266449477381711 0.15782836517179283
883800.0 12.8125 13.09375 13.0 0.2265539038662733 0.1577786406501095
884400.0 12.791666666666666 13.09375 13.0 0.22646285999437554 0.1577040538675845
885000.0 12.770833333333334 13.09375 13.0 0.22637181612247775 0.1576294670850595
885600.0 12.75 13.09375 13.0 0.22628077225058 0.1575548803025345
886200.0 12.75 13.083333333333334 13.0 0.22621248934665666 0.15750515578085117
886800.0 12.75 13.072916666666666 13.0 0.22614420644273334 0.15745543125916783
887400.0 12.75 13.0625 13.0 0.22607592353881 0.1574057067374845
888000.0 12.75 13.0625 13.0 0.22603040160286111 0.15730625769411782
888600.0 12.75 13.0625 13.0 0.22598487966691222 0.15720680865075118
889200.0 12.75 13.0625 13.0 0.22593935773096332 0.1571073596073845
889800.0 12.75 13.0625 13.0 0.22584831385906556 0.15705763508570117
890400.0 12.75 13.0625 13.0 0.22575726998716777 0.15700791056401783
891000.0 12.75 13.0625 13.0 0.22566622611527 0.1569581860423345
891600.0 12.75 13.0625 13.0 0.22552966030742333 0.1568835992598095
892200.0 12.75 13.0625 13.0 0.22539309449957667 0.15680901247728452
892800.0 12.75 13.0625 13.0 0.22525652869173 0.1567344256947595
893400.0 12.75 13.0625 13.0 0.22505167997996 0.15663497665139284
894000.0 12.75 13.0625 13.0 0.22484683126819 0.15653552760802616
894600.0 12.75 13.0625 13.0 0.22464198255642 0.1564360785646595
895200.0 12.76388888888889 13.0625 13.0 0.22436885094072667 0.15633662952129282
895800.0 12.777777777777777 13.0625 13.0 0.2240957193250333 0.15623718047792617
896400.0 12.791666666666666 13.0625 13.0 0.22382258770933997 0.1561377314345595
897000.0 12.805555555555555 13.0625 13.0 0.2235266951256722 0.15601342013035116
897600.0 12.819444444444445 13.0625 13.0 0.22323080254200442 0.15588910882614285
898200.0 12.833333333333334 13.0625 13.0 0.22293490995833665 0.1557647975219345
898800.0 12.86111111111111 13.072916666666666 13.0 0.22261625640669444 0.15559076169604283
899400.0 12.88888888888889 13.083333333333334 13.0 0.2222976028550522 0.15541672587015118
900000.0 12.916666666666666 13.09375 13.0 0.22197894930341 0.1552426900442595
900600.0 12.944444444444445 13.104166666666666 13.0 0.2216602957517678 0.15511837874005116
901200.0 12.972222222222221 13.114583333333334 13.0 0.22134164220012556 0.15499406743584285
901800.0 13.0 13.125 13.0 0.22102298864848335 0.1548697561316345
902400.0 13.027777777777779 13.125 13.0 0.22070433509684112 0.1547205825665845
903000.0 13.055555555555555 13.125 13.0 0.2203856815451989 0.15457140900153452
903600.0 13.083333333333334 13.125 13.0 0.22006702799355668 0.1544222354364845
904200.0 13.118055555555555 13.135416666666666 13.0 0.21972561347394 0.1542730618714345
904800.0 13.152777777777779 13.145833333333334 13.0 0.21938419895432335 0.15412388830638452
905400.0 13.1875 13.15625 13.0 0.21904278443470668 0.1539747147413345
906000.0 13.208333333333334 13.177083333333334 13.0 0.21870136991509 0.1538255411762845
906600.0 13.229166666666666 13.197916666666666 13.0 0.21835995539547334 0.15367636761123452
907200.0 13.25 13.21875 13.0 0.21801854087585668 0.1535271940461845
907800.0 13.284722222222221 13.239583333333334 13.0 0.2177226482921889 0.15335315822029283
908400.0 13.319444444444445 13.260416666666666 13.0 0.2174267557085211 0.15317912239440118
909000.0 13.354166666666666 13.28125 13.0 0.21713086312485333 0.1530050865685095
909600.0 13.381944444444445 13.291666666666666 13.0 0.21676668763726223 0.1528559130034595
910200.0 13.409722222222221 13.302083333333334 13.0 0.21640251214967113 0.1527067394384095
910800.0 13.4375 13.3125 13.0 0.21603833666208003 0.1525575658733595
911400.0 13.472222222222221 13.3125 13.0 0.2157196831104378 0.15243325456915116
912000.0 13.506944444444445 13.3125 13.0 0.21540102955879556 0.15230894326494285
912600.0 13.541666666666666 13.3125 13.0 0.21508237600715333 0.1521846319607345
913200.0 13.5625 13.34375 13.010416666666666 0.2147182005195622 0.1520354583956845
913800.0 13.583333333333332 13.375 13.020833333333334 0.2143540250319711 0.15188628483063452
914400.0 13.604166666666666 13.40625 13.03125 0.21398984954437997 0.1517371112655845
915000.0 13.631944444444445 13.416666666666666 13.03125 0.2136939569607122 0.15161279996137617
915600.0 13.659722222222221 13.427083333333334 13.03125 0.21339806437704445 0.15148848865716785
916200.0 13.6875 13.4375 13.03125 0.21310217179337668 0.1513641773529595
916800.0 13.70138888888889 13.4375 13.052083333333334 0.21287456211363223 0.1512895905704345
917400.0 13.715277777777777 13.4375 13.072916666666666 0.2126469524338878 0.1512150037879095
918000.0 13.729166666666666 13.4375 13.09375 0.21241934275414334 0.1511404170053845
918600.0 13.73611111111111 13.458333333333334 13.09375 0.2122372550103478 0.15104096796201782
919200.0 13.743055555555555 13.479166666666666 13.09375 0.2120551672665522 0.15094151891865118
919800.0 13.75 13.5 13.09375 0.21187307952275666 0.1508420698752845
920400.0 13.76388888888889 13.510416666666666 13.104166666666666 0.21164546984301222 0.15074262083191783
921000.0 13.777777777777777 13.520833333333334 13.114583333333334 0.21141786016326777 0.1506431717885512
921600.0 13.791666666666666 13.53125 13.125 0.21119025048352333 0.15054372274518452
922200.0 13.805555555555555 13.541666666666666 13.125 0.21098540177175334 0.15044427370181784
922800.0 13.819444444444445 13.552083333333334 13.125 0.21078055305998333 0.15034482465845117
923400.0 13.833333333333334 13.5625 13.125 0.21057570434821335 0.1502453756150845
924000.0 13.833333333333334 13.572916666666666 13.125 0.2103936166044178 0.15019565109340116
924600.0 13.833333333333334 13.583333333333334 13.125 0.21021152886062222 0.15014592657171782
925200.0 13.833333333333334 13.59375 13.125 0.21002944111682667 0.1500962020500345
925800.0 13.840277777777779 13.59375 13.135416666666666 0.20987011434100555 0.15004647752835115
926400.0 13.847222222222221 13.59375 13.145833333333334 0.20971078756518446 0.14999675300666784
927000.0 13.854166666666666 13.59375 13.15625 0.20955146078936335 0.1499470284849845
927600.0 13.854166666666666 13.59375 13.166666666666666 0.20941489498151666 0.1498724417024595
928200.0 13.854166666666666 13.59375 13.177083333333334 0.20927832917367 0.1497978549199345
928800.0 13.854166666666666 13.59375 13.1875 0.20914176336582332 0.1497232681374095
929400.0 13.847222222222221 13.614583333333334 13.1875 0.20905071949392554 0.14967354361572616
930000.0 13.840277777777779 13.635416666666666 13.1875 0.20895967562202775 0.14962381909404285
930600.0 13.833333333333334 13.65625 13.1875 0.20886863175012996 0.1495740945723595
931200.0 13.833333333333334 13.65625 13.1875 0.20880034884620663 0.14952437005067618
931800.0 13.833333333333334 13.65625 13.1875 0.20873206594228333 0.14947464552899284
932400.0 13.833333333333334 13.65625 13.1875 0.20866378303836 0.1494249210073095
933000.0 13.82638888888889 13.645833333333334 13.197916666666666 0.2085727391664622 0.14937519648562617
933600.0 13.819444444444445 13.635416666666666 13.208333333333334 0.20848169529456445 0.14932547196394283
934200.0 13.8125 13.625 13.21875 0.20839065142266666 0.1492757474422595
934800.0 13.805555555555555 13.635416666666666 13.21875 0.20836789045469223 0.14922602292057616
935400.0 13.79861111111111 13.645833333333334 13.21875 0.20834512948671777 0.14917629839889285
936000.0 13.791666666666666 13.65625 13.21875 0.20832236851874333 0.1491265738772095
936600.0 13.784722222222221 13.65625 13.21875 0.20827684658279444 0.14910171161636784
937200.0 13.777777777777779 13.65625 13.21875 0.20823132464684557 0.14907684935552618
937800.0 13.770833333333334 13.65625 13.21875 0.20818580271089668 0.1490519870946845
938400.0 13.75 13.65625 13.229166666666666 0.20814028077494778 0.14900226257300117
939000.0 13.729166666666668 13.65625 13.239583333333334 0.2080947588389989 0.14895253805131783
939600.0 13.708333333333334 13.65625 13.25 0.20804923690305 0.1489028135296345
940200.0 13.708333333333334 13.645833333333334 13.25 0.20798095399912667 0.14887795126879283
940800.0 13.708333333333334 13.635416666666666 13.25 0.20791267109520334 0.14885308900795116
941400.0 13.708333333333334 13.625 13.25 0.20784438819128 0.1488282267471095
942000.0 13.6875 13.625 13.25 0.20779886625533112 0.14877850222542616
942600.0 13.666666666666668 13.625 13.25 0.20775334431938222 0.14872877770374282
943200.0 13.645833333333334 13.625 13.25 0.20770782238343333 0.14867905318205948
943800.0 13.625 13.625 13.25 0.20766230044748443 0.14865419092121782
944400.0 13.604166666666668 13.625 13.25 0.20761677851153554 0.14862932866037618
945000.0 13.583333333333334 13.625 13.25 0.20757125657558664 0.1486044663995345
945600.0 13.583333333333334 13.614583333333334 13.25 0.20752573463963778 0.14857960413869284
946200.0 13.583333333333334 13.604166666666666 13.25 0.20748021270368888 0.14855474187785117
946800.0 13.583333333333334 13.59375 13.25 0.20743469076774002 0.1485298796170095
947400.0 13.5625 13.583333333333334 13.25 0.20743469076774002 0.14850501735616783
948000.0 13.541666666666668 13.572916666666666 13.25 0.20743469076774002 0.14848015509532617
948600.0 13.520833333333334 13.5625 13.25 0.20743469076774002 0.1484552928344845
949200.0 13.51388888888889 13.5625 13.25 0.20738916883179112 0.14843043057364283
949800.0 13.506944444444445 13.5625 13.25 0.20734364689584223 0.1484055683128012
950400.0 13.5 13.5625 13.25 0.20729812495989333 0.14838070605195952
951000.0 13.479166666666666 13.552083333333334 13.25 0.20725260302394444 0.14833098153027618
951600.0 13.458333333333334 13.541666666666666 13.25 0.20720708108799557 0.14828125700859285
952200.0 13.4375 13.53125 13.25 0.20716155915204668 0.1482315324869095
952800.0 13.416666666666666 13.520833333333334 13.25 0.20711603721609778 0.1482315324869095
953400.0 13.395833333333334 13.510416666666666 13.25 0.2070705152801489 0.1482315324869095
954000.0 13.375 13.5 13.25 0.2070249933442 0.1482315324869095
954600.0 13.368055555555555 13.5 13.260416666666666 0.2070249933442 0.14818180796522618
955200.0 13.36111111111111 13.5 13.270833333333334 0.2070249933442 0.14813208344354284
955800.0 13.354166666666666 13.5 13.28125 0.2070249933442 0.1480823589218595
956400.0 13.340277777777777 13.489583333333334 13.270833333333334 0.20700223237622556 0.14805749666101783
957000.0 13.32638888888889 13.479166666666666 13.260416666666666 0.2069794714082511 0.14803263440017617
957600.0 13.3125 13.46875 13.25 0.20695671044027666 0.1480077721393345
958200.0 13.291666666666666 13.46875 13.25 0.2069339494723022 0.1480077721393345
958800.0 13.270833333333334 13.46875 13.25 0.20691118850432777 0.1480077721393345
959400.0 13.25 13.46875 13.25 0.2068884275363533 0.1480077721393345
960000.0 13.23611111111111 13.458333333333334 13.25 0.2068884275363533 0.14795804761765116
960600.0 13.222222222222223 13.447916666666666 13.25 0.2068884275363533 0.14790832309596785
961200.0 13.208333333333334 13.4375 13.25 0.2068884275363533 0.14785859857428452
961800.0 13.194444444444445 13.4375 13.25 0.2068884275363533 0.14783373631344285
962400.0 13.180555555555555 13.4375 13.25 0.2068884275363533 0.14780887405260118
963000.0 13.166666666666666 13.4375 13.25 0.2068884275363533 0.1477840117917595
963600.0 13.152777777777777 13.4375 13.25 0.20686566656837888 0.1477840117917595
964200.0 13.13888888888889 13.4375 13.25 0.20684290560040444 0.1477840117917595
964800.0 13.125 13.4375 13.25 0.20682014463243 0.1477840117917595
965400.0 13.125 13.427083333333334 13.25 0.20677462269648111 0.14775914953091784
966000.0 13.125 13.416666666666666 13.25 0.20672910076053222 0.14773428727007618
966600.0 13.125 13.40625 13.25 0.20668357882458332 0.1477094250092345
967200.0 13.090277777777779 13.385416666666666 13.25 0.2066608178566089 0.14765970048755117
967800.0 13.055555555555555 13.364583333333334 13.25 0.20663805688863443 0.14760997596586783
968400.0 13.020833333333334 13.34375 13.25 0.20661529592066 0.1475602514441845
969000.0 13.01388888888889 13.333333333333334 13.25 0.20659253495268554 0.1475602514441845
969600.0 13.006944444444445 13.322916666666666 13.25 0.2065697739847111 0.1475602514441845
970200.0 13.0 13.3125 13.25 0.20654701301673664 0.1475602514441845
970800.0 12.993055555555555 13.3125 13.25 0.2065697739847111 0.14753538918334283
971400.0 12.98611111111111 13.3125 13.25 0.20659253495268554 0.14751052692250116
972000.0 12.979166666666666 13.3125 13.25 0.20661529592066 0.1474856646616595
972600.0 12.965277777777777 13.3125 13.25 0.20659253495268554 0.14746080240081783
973200.0 12.95138888888889 13.3125 13.25 0.2065697739847111 0.14743594013997616
973800.0 12.9375 13.3125 13.25 0.20654701301673664 0.1474110778791345
974400.0 12.92361111111111 13.302083333333334 13.25 0.20650149108078775 0.14738621561829282
975000.0 12.909722222222223 13.291666666666666 13.25 0.20645596914483888 0.14736135335745118
975600.0 12.895833333333334 13.28125 13.25 0.20641044720888999 0.1473364910966095
976200.0 12.881944444444445 13.270833333333334 13.25 0.2063649252729411 0.14731162883576784
976800.0 12.868055555555555 13.260416666666666 13.25 0.20631940333699222 0.14728676657492615
977400.0 12.854166666666666 13.25 13.25 0.20627388140104333 0.14726190431408448
978000.0 12.86111111111111 13.25 13.239583333333334 0.2061145546252222 0.14721217979240114
978600.0 12.868055555555555 13.25 13.229166666666666 0.20595522784940112 0.14716245527071783
979200.0 12.875 13.25 13.21875 0.20579590107358 0.1471127307490345
979800.0 12.875 13.25 13.21875 0.20556829139383556 0.14706300622735116
980400.0 12.875 13.25 13.21875 0.20534068171409112 0.14701328170566785
981000.0 12.875 13.25 13.21875 0.20511307203434667 0.14696355718398452
981600.0 12.881944444444445 13.239583333333334 13.21875 0.20483994041865333 0.1468889704014595
982200.0 12.88888888888889 13.229166666666666 13.21875 0.20456680880296002 0.1468143836189345
982800.0 12.895833333333334 13.21875 13.21875 0.20429367718726668 0.1467397968364095
983400.0 12.92361111111111 13.229166666666666 13.21875 0.2039977846035989 0.14669007231472617
984000.0 12.95138888888889 13.239583333333334 13.21875 0.20370189201993114 0.14664034779304283
984600.0 12.979166666666666 13.25 13.21875 0.20340599943626336 0.1465906232713595
985200.0 12.979166666666666 13.25 13.208333333333334 0.20324667266044225 0.1465160364888345
985800.0 12.979166666666666 13.25 13.197916666666666 0.20308734588462113 0.1464414497063095
986400.0 12.979166666666666 13.25 13.1875 0.2029280191088 0.1463668629237845
987000.0 13.0 13.260416666666666 13.1875 0.20270040942905557 0.14631713840210117
987600.0 13.020833333333332 13.270833333333334 13.1875 0.20247279974931112 0.14626741388041783
988200.0 13.041666666666666 13.28125 13.1875 0.20224519006956668 0.1462176893587345
988800.0 13.055555555555555 13.291666666666666 13.1875 0.20199481942184777 0.1461431025762095
989400.0 13.069444444444445 13.302083333333334 13.1875 0.2017444487741289 0.14606851579368452
990000.0 13.083333333333334 13.3125 13.1875 0.20149407812641 0.1459939290111595
990600.0 13.097222222222223 13.3125 13.1875 0.20128922941464 0.14589447996779284
991200.0 13.11111111111111 13.3125 13.1875 0.20108438070287 0.14579503092442617
991800.0 13.125 13.3125 13.1875 0.2008795319911 0.1456955818810595
992400.0 13.145833333333334 13.322916666666666 13.1875 0.20056087843945777 0.1456209950985345
993000.0 13.166666666666666 13.333333333333334 13.1875 0.20024222488781557 0.1455464083160095
993600.0 13.1875 13.34375 13.1875 0.19992357133617333 0.1454718215334845
994200.0 13.222222222222221 13.354166666666666 13.1875 0.19962767875250556 0.1453972347509595
994800.0 13.256944444444445 13.364583333333334 13.1875 0.1993317861688378 0.1453226479684345
995400.0 13.291666666666666 13.375 13.1875 0.19903589358517002 0.1452480611859095
996000.0 13.29861111111111 13.375 13.197916666666666 0.19874000100150224 0.14514861214254282
996600.0 13.305555555555555 13.375 13.208333333333334 0.19844410841783444 0.14504916309917618
997200.0 13.3125 13.375 13.21875 0.19814821583416667 0.1449497140558095
997800.0 13.340277777777779 13.375 13.21875 0.19782956228252443 0.1448751272732845
998400.0 13.368055555555555 13.375 13.21875 0.19751090873088223 0.1448005404907595
999000.0 13.395833333333334 13.375 13.21875 0.19719225517924 0.1447259537082345
999600.0 13.42361111111111 13.40625 13.21875 0.19694188453152112 0.14462650466486782
1000200.0 13.45138888888889 13.4375 13.21875 0.1966915138838022 0.14452705562150117
1000800.0 13.479166666666666 13.46875 13.21875 0.19644114323608333 0.1444276065781345
1001400.0 13.48611111111111 13.479166666666666 13.21875 0.19616801162039 0.1443530197956095
1002000.0 13.493055555555555 13.489583333333334 13.21875 0.19589488000469668 0.1442784330130845
1002600.0 13.5 13.5 13.21875 0.19562174838900334 0.14420384623055948
1003200.0 13.527777777777779 13.5 13.229166666666666 0.19534861677331 0.14412925944803448
1003800.0 13.555555555555555 13.5 13.239583333333334 0.1950754851576167 0.1440546726655095
1004400.0 13.583333333333334 13.5 13.25 0.19480235354192335 0.1439800858829845
1005000.0 13.590277777777779 13.510416666666666 13.25 0.1946202657981278 0.1439054991004595
1005600.0 13.597222222222221 13.520833333333334 13.25 0.19443817805433222 0.14383091231793452
1006200.0 13.604166666666666 13.53125 13.25 0.19425609031053667 0.1437563255354095
1006800.0 13.618055555555555 13.541666666666666 13.25 0.19402848063079223 0.14370660101372618
1007400.0 13.631944444444445 13.552083333333334 13.25 0.19380087095104778 0.14365687649204284
1008000.0 13.645833333333334 13.5625 13.25 0.19357326127130334 0.1436071519703595
1008600.0 13.652777777777779 13.5625 13.25 0.1933911735275078 0.14358228970951784
1009200.0 13.659722222222221 13.5625 13.25 0.1932090857837122 0.14355742744867617
1009800.0 13.666666666666666 13.5625 13.25 0.19302699803991666 0.1435325651878345
1010400.0 13.67361111111111 13.572916666666666 13.25 0.19289043223207 0.14348284066615116
1011000.0 13.680555555555555 13.583333333333334 13.25 0.19275386642422335 0.14343311614446783
1011600.0 13.6875 13.59375 13.25 0.1926173006163767 0.1433833916227845
1012200.0 13.680555555555555 13.59375 13.25 0.19250349577650447 0.14333366710110115
1012800.0 13.67361111111111 13.59375 13.25 0.19238969093663225 0.14328394257941784
1013400.0 13.666666666666666 13.59375 13.25 0.19227588609676002 0.1432342180577345
1014000.0 13.666666666666666 13.604166666666666 13.25 0.19216208125688777 0.1432342180577345
1014600.0 13.666666666666666 13.614583333333334 13.25 0.19204827641701555 0.1432342180577345
1015200.0 13.666666666666666 13.625 13.25 0.1919344715771433 0.1432342180577345
1015800.0 13.652777777777777 13.625 13.25 0.19186618867321997 0.14320935579689284
1016400.0 13.63888888888889 13.625 13.25 0.19179790576929664 0.14318449353605117
1017000.0 13.625 13.625 13.25 0.19172962286537332 0.1431596312752095
1017600.0 13.61111111111111 13.625 13.25 0.19168410092942445 0.14313476901436784
1018200.0 13.597222222222223 13.625 13.25 0.19163857899347556 0.14310990675352617
1018800.0 13.583333333333334 13.625 13.25 0.1915930570575267 0.1430850444926845
1019400.0 13.57638888888889 13.625 13.270833333333334 0.19157029608955223 0.1430850444926845
1020000.0 13.569444444444445 13.625 13.291666666666666 0.1915475351215778 0.1430850444926845
1020600.0 13.5625 13.625 13.3125 0.19152477415360333 0.1430850444926845
1021200.0 13.555555555555555 13.625 13.3125 0.19147925221765444 0.14303531997100116
1021800.0 13.54861111111111 13.625 13.3125 0.19143373028170557 0.14298559544931783
1022400.0 13.541666666666666 13.625 13.3125 0.19138820834575668 0.1429358709276345
1023000.0 13.534722222222221 13.614583333333334 13.3125 0.19136544737778222 0.1429358709276345
1023600.0 13.527777777777779 13.604166666666666 13.3125 0.19134268640980778 0.1429358709276345
1024200.0 13.520833333333334 13.59375 13.3125 0.19131992544183332 0.1429358709276345
1024800.0 13.506944444444445 13.59375 13.3125 0.19131992544183332 0.14291100866679282
1025400.0 13.493055555555555 13.59375 13.3125 0.19131992544183332 0.14288614640595118
1026000.0 13.479166666666666 13.59375 13.3125 0.19131992544183332 0.1428612841451095
1026600.0 13.465277777777777 13.583333333333334 13.3125 0.19129716447385886 0.1428612841451095
1027200.0 13.45138888888889 13.572916666666666 13.3125 0.19127440350588443 0.1428612841451095
1027800.0 13.4375 13.5625 13.3125 0.19125164253790997 0.1428612841451095
1028400.0 13.416666666666666 13.5625 13.322916666666666 0.19125164253790997 0.14281155962342618
1029000.0 13.395833333333334 13.5625 13.333333333333334 0.19125164253790997 0.14276183510174284
1029600.0 13.375 13.5625 13.34375 0.19125164253790997 0.1427121105800595
1030200.0 13.36111111111111 13.5625 13.34375 0.19125164253790997 0.1427121105800595
1030800.0 13.347222222222223 13.5625 13.34375 0.19125164253790997 0.1427121105800595
1031400.0 13.333333333333334 13.5625 13.34375 0.19125164253790997 0.1427121105800595
1032000.0 13.319444444444445 13.552083333333334 13.34375 0.19127440350588443 0.1427121105800595
1032600.0 13.305555555555555 13.541666666666666 13.34375 0.19129716447385886 0.1427121105800595
1033200.0 13.291666666666666 13.53125 13.34375 0.19131992544183332 0.1427121105800595
1033800.0 13.270833333333332 13.520833333333334 13.34375 0.19134268640980778 0.14268724831921784
1034400.0 13.25 13.510416666666666 13.34375 0.19136544737778222 0.14266238605837617
1035000.0 13.229166666666666 13.5 13.34375 0.19138820834575668 0.1426375237975345
1035600.0 13.215277777777777 13.489583333333334 13.333333333333334 0.1914109693137311 0.1426375237975345
1036200.0 13.20138888888889 13.479166666666666 13.322916666666666 0.19143373028170557 0.1426375237975345
1036800.0 13.1875 13.46875 13.3125 0.19145649124968 0.1426375237975345
1037400.0 13.166666666666666 13.458333333333334 13.3125 0.19145649124968 0.14258779927585116
1038000.0 13.145833333333334 13.447916666666666 13.3125 0.19145649124968 0.14253807475416785
1038600.0 13.125 13.4375 13.3125 0.19145649124968 0.14248835023248452
1039200.0 13.11111111111111 13.427083333333334 13.3125 0.19147925221765444 0.14248835023248452
1039800.0 13.097222222222223 13.416666666666666 13.3125 0.1915020131856289 0.14248835023248452
1040400.0 13.083333333333334 13.40625 13.3125 0.19152477415360333 0.14248835023248452
1041000.0 13.0625 13.395833333333334 13.3125 0.19150201318562887 0.14248835023248452
1041600.0 13.041666666666668 13.385416666666666 13.3125 0.19147925221765444 0.14248835023248452
1042200.0 13.020833333333334 13.375 13.3125 0.19145649124967998 0.14248835023248452
1042800.0 13.006944444444445 13.375 13.302083333333334 0.19150201318562887 0.14246348797164285
1043400.0 12.993055555555555 13.375 13.291666666666666 0.1915475351215778 0.14243862571080115
1044000.0 12.979166666666666 13.375 13.28125 0.1915930570575267 0.14241376344995949
1044600.0 12.965277777777777 13.375 13.291666666666666 0.19157029608955223 0.14241376344995949
1045200.0 12.95138888888889 13.375 13.302083333333334 0.1915475351215778 0.14241376344995949
1045800.0 12.9375 13.375 13.3125 0.19152477415360333 0.14241376344995949
1046400.0 12.916666666666666 13.354166666666666 13.3125 0.19152477415360333 0.14241376344995949
1047000.0 12.895833333333334 13.333333333333334 13.3125 0.19152477415360333 0.14241376344995949
1047600.0 12.875 13.3125 13.3125 0.19152477415360333 0.14241376344995949
1048200.0 12.86111111111111 13.291666666666666 13.302083333333334 0.1915475351215778 0.132618032679586
1048800.0 12.847222222222223 13.270833333333334 13.291666666666666 0.19157029608955223 0.12282230190921249
1049400.0 12.833333333333334 13.25 13.28125 0.1915930570575267 0.113026571138839
1050000.0 12.8125 13.25 13.28125 0.19157029608955223 0.113026571138839
1050600.0 12.791666666666668 13.25 13.28125 0.1915475351215778 0.113026571138839
1051200.0 12.770833333333334 13.25 13.28125 0.19152477415360333 0.113026571138839
1051800.0 12.76388888888889 13.25 13.28125 0.19152477415360333 0.11297684661715567
1052400.0 12.756944444444445 13.25 13.28125 0.19152477415360333 0.11292712209547234
1053000.0 12.75 13.25 13.28125 0.19152477415360333 0.112877397573789
1053600.0 12.729166666666666 13.239583333333334 13.260416666666666 0.19157029608955223 0.112877397573789
1054200.0 12.708333333333334 13.229166666666666 13.239583333333334 0.1916158180255011 0.112877397573789
1054800.0 12.6875 13.21875 13.21875 0.19166133996145 0.112877397573789
1055400.0 12.666666666666666 13.208333333333334 13.21875 0.19163857899347556 0.112877397573789
1056000.0 12.645833333333334 13.197916666666666 13.21875 0.19161581802550112 0.112877397573789
1056600.0 12.625 13.1875 13.21875 0.1915930570575267 0.112877397573789
1057200.0 12.625 13.177083333333334 13.21875 0.19163857899347556 0.112877397573789
1057800.0 12.625 13.166666666666666 13.21875 0.19168410092942445 0.112877397573789
1058400.0 12.625 13.15625 13.21875 0.19172962286537332 0.112877397573789
1059000.0 12.604166666666666 13.145833333333334 13.21875 0.19172962286537332 0.11282767305210567
1059600.0 12.583333333333334 13.135416666666666 13.21875 0.19172962286537332 0.11277794853042233
1060200.0 12.5625 13.125 13.21875 0.19172962286537332 0.112728224008739
1060800.0 12.54861111111111 13.114583333333334 13.208333333333334 0.19170686189739888 0.112728224008739
1061400.0 12.534722222222223 13.104166666666666 13.197916666666666 0.19168410092942442 0.112728224008739
1062000.0 12.520833333333334 13.09375 13.1875 0.19166133996145 0.112728224008739
1062600.0 12.51388888888889 13.09375 13.1875 0.19163857899347556 0.11267849948705566
1063200.0 12.506944444444445 13.09375 13.1875 0.19161581802550112 0.11262877496537234
1063800.0 12.5 13.09375 13.1875 0.1915930570575267 0.112579050443689
1064400.0 12.5 13.083333333333334 13.1875 0.1915475351215778 0.112579050443689
1065000.0 12.5 13.072916666666666 13.1875 0.1915020131856289 0.112579050443689
1065600.0 12.5 13.0625 13.1875 0.19145649124968 0.112579050443689
1066200.0 12.5 13.0625 13.1875 0.19136544737778224 0.11252932592200567
1066800.0 12.5 13.0625 13.1875 0.19127440350588445 0.11247960140032234
1067400.0 12.5 13.0625 13.1875 0.1911833596339867 0.112429876878639
1068000.0 12.520833333333334 13.0625 13.1875 0.19097851092221668 0.112429876878639
1068600.0 12.541666666666666 13.0625 13.1875 0.1907736622104467 0.112429876878639
1069200.0 12.5625 13.0625 13.1875 0.1905688134986767 0.112429876878639
1069800.0 12.57638888888889 13.072916666666666 13.1875 0.19034120381893221 0.11238015235695567
1070400.0 12.590277777777777 13.083333333333334 13.1875 0.19011359413918777 0.11233042783527233
1071000.0 12.604166666666666 13.09375 13.1875 0.1898859844594433 0.112280703313589
1071600.0 12.63888888888889 13.104166666666666 13.177083333333334 0.18963561381172442 0.11223097879190566
1072200.0 12.67361111111111 13.114583333333334 13.166666666666666 0.18938524316400557 0.11218125427022234
1072800.0 12.708333333333334 13.125 13.15625 0.1891348725162867 0.112131529748539
1073400.0 12.729166666666668 13.125 13.15625 0.18886174090059335 0.11208180522685567
1074000.0 12.75 13.125 13.15625 0.1885886092849 0.11203208070517234
1074600.0 12.770833333333334 13.125 13.15625 0.18831547766920667 0.111982356183489
1075200.0 12.805555555555555 13.135416666666666 13.15625 0.18804234605351333 0.11193263166180567
1075800.0 12.840277777777779 13.145833333333334 13.15625 0.18776921443782002 0.11188290714012233
1076400.0 12.875 13.15625 13.15625 0.18749608282212668 0.111833182618439
1077000.0 12.902777777777779 13.166666666666666 13.15625 0.18722295120643334 0.11173373357507232
1077600.0 12.930555555555555 13.177083333333334 13.15625 0.18694981959074 0.11163428453170567
1078200.0 12.958333333333334 13.1875 13.15625 0.18667668797504666 0.111534835488339
1078800.0 12.993055555555555 13.1875 13.145833333333334 0.18642631732732778 0.11148511096665566
1079400.0 13.027777777777779 13.1875 13.135416666666666 0.18617594667960888 0.11143538644497233
1080000.0 13.0625 13.1875 13.125 0.18592557603189 0.111385661923289
1080600.0 13.097222222222221 13.197916666666666 13.125 0.18562968344822223 0.11133593740160566
1081200.0 13.131944444444445 13.208333333333334 13.125 0.18533379086455445 0.11128621287992234
1081800.0 13.166666666666666 13.21875 13.125 0.18503789828088668 0.111236488358239
1082400.0 13.180555555555555 13.239583333333334 13.145833333333334 0.18483304956911667 0.11118676383655567
1083000.0 13.194444444444445 13.260416666666666 13.166666666666666 0.18462820085734669 0.11113703931487233
1083600.0 13.208333333333334 13.28125 13.1875 0.18442335214557667 0.111087314793189
1084200.0 13.23611111111111 13.302083333333334 13.177083333333334 0.18424126440178112 0.11103759027150566
1084800.0 13.26388888888889 13.322916666666666 13.166666666666666 0.18405917665798555 0.11098786574982233
1085400.0 13.291666666666666 13.34375 13.15625 0.18387708891419 0.110938141228139
1086000.0 13.319444444444445 13.354166666666666 13.166666666666666 0.18367224020241998 0.110938141228139
1086600.0 13.347222222222221 13.364583333333334 13.177083333333334 0.18346739149065 0.110938141228139
1087200.0 13.375 13.375 13.1875 0.18326254277888 0.110938141228139
1087800.0 13.38888888888889 13.375 13.1875 0.1831032160030589 0.11088841670645566
1088400.0 13.402777777777777 13.375 13.1875 0.18294388922723778 0.11083869218477234
1089000.0 13.416666666666666 13.375 13.1875 0.1827845624514167 0.110788967663089
1089600.0 13.4375 13.395833333333334 13.1875 0.18257971373964668 0.11073924314140567
1090200.0 13.458333333333332 13.416666666666666 13.1875 0.18237486502787667 0.11068951861972233
1090800.0 13.479166666666666 13.4375 13.1875 0.18217001631610666 0.110639794098039
1091400.0 13.493055555555555 13.447916666666666 13.1875 0.18196516760433665 0.11059006957635566
1092000.0 13.506944444444445 13.458333333333334 13.1875 0.18176031889256666 0.11054034505467233
1092600.0 13.520833333333334 13.46875 13.1875 0.18155547018079665 0.110490620532989
1093200.0 13.541666666666668 13.479166666666666 13.1875 0.18141890437295 0.11044089601130566
1093800.0 13.5625 13.489583333333334 13.1875 0.1812823385651033 0.11039117148962234
1094400.0 13.583333333333334 13.5 13.1875 0.18114577275725666 0.110341446967939
1095000.0 13.590277777777779 13.5 13.197916666666666 0.18105472888535887 0.110341446967939
1095600.0 13.597222222222221 13.5 13.208333333333334 0.1809636850134611 0.110341446967939
1096200.0 13.604166666666666 13.5 13.21875 0.18087264114156332 0.110341446967939
1096800.0 13.61111111111111 13.5 13.21875 0.1807588363016911 0.110341446967939
1097400.0 13.618055555555555 13.5 13.21875 0.1806450314618189 0.110341446967939
1098000.0 13.625 13.5 13.21875 0.18053122662194668 0.110341446967939
1098600.0 13.618055555555555 13.510416666666666 13.21875 0.18048570468599778 0.11029172244625567
1099200.0 13.61111111111111 13.520833333333334 13.21875 0.18044018275004892 0.11024199792457233
1099800.0 13.604166666666666 13.53125 13.21875 0.18039466081410002 0.110192273402889
1100400.0 13.604166666666666 13.541666666666666 13.229166666666666 0.18034913887815113 0.110192273402889
1101000.0 13.604166666666666 13.552083333333334 13.239583333333334 0.18030361694220223 0.110192273402889
1101600.0 13.604166666666666 13.5625 13.25 0.18025809500625334 0.110192273402889
1102200.0 13.590277777777777 13.5625 13.25 0.18023533403827888 0.110192273402889
1102800.0 13.57638888888889 13.5625 13.25 0.18021257307030444 0.110192273402889
1103400.0 13.5625 13.5625 13.25 0.18018981210232998 0.110192273402889
1104000.0 13.555555555555555 13.5625 13.25 0.18016705113435555 0.110192273402889
1104600.0 13.54861111111111 13.5625 13.25 0.1801442901663811 0.110192273402889
1105200.0 13.541666666666666 13.5625 13.25 0.18012152919840665 0.110192273402889
1105800.0 13.527777777777777 13.5625 13.260416666666666 0.18012152919840665 0.110192273402889
1106400.0 13.51388888888889 13.5625 13.270833333333334 0.18012152919840665 0.110192273402889
1107000.0 13.5 13.5625 13.28125 0.18012152919840665 0.110192273402889
1107600.0 13.48611111111111 13.5625 13.28125 0.18012152919840665 0.11014254888120566
1108200.0 13.472222222222223 13.5625 13.28125 0.18012152919840665 0.11009282435952233
1108800.0 13.458333333333334 13.5625 13.28125 0.18012152919840665 0.110043099837839
1109400.0 13.444444444444445 13.5625 13.28125 0.1801442901663811 0.110043099837839
1110000.0 13.430555555555555 13.5625 13.28125 0.18016705113435555 0.110043099837839
1110600.0 13.416666666666666 13.5625 13.28125 0.18018981210232998 0.110043099837839
1111200.0 13.409722222222221 13.5625 13.28125 0.18016705113435555 0.110043099837839
1111800.0 13.402777777777779 13.5625 13.28125 0.1801442901663811 0.110043099837839
1112400.0 13.395833333333334 13.5625 13.28125 0.18012152919840665 0.110043099837839
1113000.0 13.375 13.552083333333334 13.28125 0.18012152919840665 0.110043099837839
1113600.0 13.354166666666668 13.541666666666666 13.28125 0.18012152919840665 0.110043099837839
1114200.0 13.333333333333334 13.53125 13.28125 0.18012152919840665 0.110043099837839
1114800.0 13.333333333333334 13.520833333333334 13.28125 0.1801442901663811 0.10999337531615566
1115400.0 13.333333333333334 13.510416666666666 13.28125 0.18016705113435555 0.10994365079447234
1116000.0 13.333333333333334 13.5 13.28125 0.18018981210232998 0.109893926272789
1116600.0 13.29861111111111 13.489583333333334 13.28125 0.18021257307030444 0.109893926272789
1117200.0 13.26388888888889 13.479166666666666 13.28125 0.18023533403827888 0.109893926272789
1117800.0 13.229166666666666 13.46875 13.28125 0.18025809500625334 0.109893926272789
1118400.0 13.222222222222221 13.458333333333334 13.28125 0.1803036169422022 0.109893926272789
1119000.0 13.215277777777779 13.447916666666666 13.28125 0.1803491388781511 0.109893926272789
1119600.0 13.208333333333334 13.4375 13.28125 0.18039466081409997 0.109893926272789
1120200.0 13.1875 13.4375 13.291666666666666 0.18041742178207443 0.109893926272789
1120800.0 13.166666666666668 13.4375 13.302083333333334 0.18044018275004886 0.109893926272789
1121400.0 13.145833333333334 13.4375 13.3125 0.18046294371802332 0.109893926272789
1122000.0 13.13888888888889 13.427083333333334 13.3125 0.18048570468599778 0.10984420175110567
1122600.0 13.131944444444445 13.416666666666666 13.3125 0.18050846565397222 0.10979447722942233
1123200.0 13.125 13.40625 13.3125 0.18053122662194668 0.109744752707739
1123800.0 13.090277777777779 13.395833333333334 13.3125 0.18050846565397222 0.109744752707739
1124400.0 13.055555555555555 13.385416666666666 13.3125 0.18048570468599778 0.109744752707739
1125000.0 13.020833333333334 13.375 13.3125 0.18046294371802332 0.109744752707739
1125600.0 13.01388888888889 13.375 13.302083333333334 0.18050846565397222 0.109744752707739
1126200.0 13.006944444444445 13.375 13.291666666666666 0.1805539875899211 0.109744752707739
1126800.0 13.0 13.375 13.28125 0.18059950952587 0.109744752707739
1127400.0 12.98611111111111 13.375 13.28125 0.18057674855789557 0.10969502818605566
1128000.0 12.972222222222223 13.375 13.28125 0.1805539875899211 0.10964530366437233
1128600.0 12.958333333333334 13.375 13.28125 0.18053122662194668 0.109595579142689
1129200.0 12.944444444444445 13.354166666666666 13.28125 0.18057674855789557 0.109595579142689
1129800.0 12.930555555555555 13.333333333333334 13.28125 0.18062227049384444 0.109595579142689
1130400.0 12.916666666666666 13.3125 13.28125 0.18066779242979333 0.109595579142689
1131000.0 12.895833333333332 13.302083333333334 13.28125 0.1806905533977678 0.109595579142689
1131600.0 12.875 13.291666666666666 13.28125 0.18071331436574223 0.109595579142689
1132200.0 12.854166666666666 13.28125 13.28125 0.1807360753337167 0.109595579142689
1132800.0 12.847222222222221 13.270833333333334 13.28125 0.18071331436574223 0.109595579142689
1133400.0 12.840277777777779 13.260416666666666 13.28125 0.1806905533977678 0.109595579142689
1134000.0 12.833333333333334 13.25 13.28125 0.18066779242979333 0.109595579142689
1134600.0 12.8125 13.25 13.270833333333334 0.1806905533977678 0.10954585462100566
1135200.0 12.791666666666668 13.25 13.260416666666666 0.18071331436574223 0.10949613009932234
1135800.0 12.770833333333334 13.25 13.25 0.1807360753337167 0.109446405577639
1136400.0 12.756944444444445 13.25 13.25 0.18078159726966556 0.109446405577639
1137000.0 12.743055555555555 13.25 13.25 0.18082711920561445 0.109446405577639
1137600.0 12.729166666666666 13.25 13.25 0.18087264114156332 0.109446405577639
1138200.0 12.715277777777777 13.239583333333334 13.239583333333334 0.18084988017358888 0.109446405577639
1138800.0 12.70138888888889 13.229166666666666 13.229166666666666 0.18082711920561448 0.109446405577639
1139400.0 12.6875 13.21875 13.21875 0.18080435823764004 0.109446405577639
1140000.0 12.666666666666666 13.208333333333334 13.208333333333334 0.18080435823764002 0.109446405577639
1140600.0 12.645833333333334 13.197916666666666 13.197916666666666 0.18080435823764002 0.109446405577639
1141200.0 12.625 13.1875 13.1875 0.18080435823764 0.109446405577639
1141800.0 12.625 13.177083333333334 13.1875 0.18078159726966556 0.10939668105595567
1142400.0 12.625 13.166666666666666 13.1875 0.18075883630169112 0.10934695653427233
1143000.0 12.625 13.15625 13.1875 0.1807360753337167 0.109297232012589
1143600.0 12.604166666666666 13.145833333333334 13.1875 0.18078159726966556 0.109297232012589
1144200.0 12.583333333333334 13.135416666666666 13.1875 0.18082711920561445 0.109297232012589
1144800.0 12.5625 13.125 13.1875 0.18087264114156332 0.109297232012589
1145400.0 12.54861111111111 13.114583333333334 13.1875 0.18084988017358888 0.109297232012589
1146000.0 12.534722222222223 13.104166666666666 13.1875 0.18082711920561442 0.109297232012589
1146600.0 12.520833333333334 13.09375 13.1875 0.18080435823764 0.109297232012589
1147200.0 12.51388888888889 13.09375 13.1875 0.18078159726966556 0.109297232012589
1147800.0 12.506944444444445 13.09375 13.1875 0.18075883630169112 0.109297232012589
1148400.0 12.5 13.09375 13.1875 0.1807360753337167 0.109297232012589
1149000.0 12.5 13.083333333333334 13.1875 0.18071331436574223 0.10924750749090566
1149600.0 12.5 13.072916666666666 13.1875 0.1806905533977678 0.10919778296922233
1150200.0 12.5 13.0625 13.1875 0.18066779242979333 0.109148058447539
1150800.0 12.5 13.0625 13.1875 0.1806450314618189 0.109148058447539
1151400.0 12.5 13.0625 13.1875 0.18062227049384444 0.109148058447539
1152000.0 12.5 13.0625 13.1875 0.18059950952587 0.109148058447539
1152600.0 12.5 13.0625 13.1875 0.18046294371802332 0.10909833392585566
1153200.0 12.5 13.0625 13.1875 0.18032637791017667 0.10904860940417234
1153800.0 12.5 13.0625 13.1875 0.18018981210232998 0.108998884882489
1154400.0 12.51388888888889 13.0625 13.177083333333334 0.18003048532650887 0.108998884882489
1155000.0 12.527777777777777 13.0625 13.166666666666666 0.17987115855068775 0.108998884882489
1155600.0 12.541666666666666 13.0625 13.15625 0.17971183177486663 0.108998884882489
1156200.0 12.555555555555555 13.052083333333334 13.15625 0.17943870015917332 0.10894916036080567
1156800.0 12.569444444444445 13.041666666666666 13.15625 0.17916556854347998 0.10889943583912233
1157400.0 12.583333333333334 13.03125 13.15625 0.17889243692778667 0.108849711317439
1158000.0 12.61111111111111 13.041666666666666 13.145833333333334 0.17861930531209333 0.10879998679575566
1158600.0 12.63888888888889 13.052083333333334 13.135416666666666 0.1783461736964 0.10875026227407233
1159200.0 12.666666666666666 13.0625 13.125 0.17807304208070665 0.108700537752389
1159800.0 12.6875 13.072916666666666 13.125 0.17784543240096223 0.10865081323070566
1160400.0 12.708333333333332 13.083333333333334 13.125 0.1776178227212178 0.10860108870902234
1161000.0 12.729166666666666 13.09375 13.125 0.17739021304147337 0.108551364187339
1161600.0 12.756944444444445 13.104166666666666 13.114583333333334 0.17713984239375447 0.10850163966565567
1162200.0 12.784722222222221 13.114583333333334 13.104166666666666 0.1768894717460356 0.10845191514397233
1162800.0 12.8125 13.125 13.09375 0.17663910109831668 0.108402190622289
1163400.0 12.847222222222221 13.135416666666666 13.09375 0.17636596948262334 0.10835246610060566
1164000.0 12.881944444444445 13.145833333333334 13.09375 0.17609283786693 0.10830274157892233
1164600.0 12.916666666666666 13.15625 13.09375 0.17581970625123666 0.108253017057239
1165200.0 12.9375 13.166666666666666 13.09375 0.17556933560351778 0.10815356801387233
1165800.0 12.958333333333332 13.177083333333334 13.09375 0.17531896495579888 0.10805411897050567
1166400.0 12.979166666666666 13.1875 13.09375 0.17506859430808 0.107954669927139
1167000.0 13.01388888888889 13.1875 13.104166666666666 0.17484098462833556 0.10790494540545566
1167600.0 13.04861111111111 13.1875 13.114583333333334 0.1746133749485911 0.10785522088377233
1168200.0 13.083333333333334 13.1875 13.125 0.17438576526884667 0.107805496362089
1168800.0 13.11111111111111 13.197916666666666 13.125 0.17415815558910222 0.10775577184040566
1169400.0 13.13888888888889 13.208333333333334 13.125 0.17393054590935778 0.10770604731872234
1170000.0 13.166666666666666 13.21875 13.125 0.17370293622961333 0.107656322797039
1170600.0 13.20138888888889 13.239583333333334 13.125 0.17345256558189442 0.10760659827535567
1171200.0 13.23611111111111 13.260416666666666 13.125 0.17320219493417555 0.10755687375367233
1171800.0 13.270833333333334 13.28125 13.125 0.17295182428645664 0.107507149231989
1172400.0 13.305555555555555 13.302083333333334 13.125 0.1727697365426611 0.10745742471030566
1173000.0 13.340277777777779 13.322916666666666 13.125 0.17258764879886557 0.10740770018862233
1173600.0 13.375 13.34375 13.125 0.17240556105507002 0.107357975666939
1174200.0 13.38888888888889 13.354166666666666 13.145833333333334 0.1721551904073511 0.10730825114525566
1174800.0 13.402777777777777 13.364583333333334 13.166666666666666 0.17190481975963223 0.10725852662357234
1175400.0 13.416666666666666 13.375 13.1875 0.17165444911191333 0.107208802101889
1176000.0 13.444444444444445 13.375 13.1875 0.17147236136811778 0.10715907758020567
1176600.0 13.472222222222221 13.375 13.1875 0.17129027362432223 0.10710935305852233
1177200.0 13.5 13.375 13.1875 0.17110818588052668 0.107059628536839
1177800.0 13.506944444444445 13.395833333333334 13.1875 0.17094885910470556 0.10700990401515566
1178400.0 13.51388888888889 13.416666666666666 13.1875 0.17078953232888444 0.10696017949347233
1179000.0 13.520833333333334 13.4375 13.1875 0.17063020555306332 0.106910454971789
1179600.0 13.54861111111111 13.458333333333334 13.1875 0.1704708787772422 0.10686073045010566
1180200.0 13.57638888888889 13.479166666666666 13.1875 0.17031155200142112 0.10681100592842234
1180800.0 13.604166666666666 13.5 13.1875 0.1701522252256 0.106761281406739
1181400.0 13.61111111111111 13.5 13.1875 0.17001565941775335 0.106761281406739
1182000.0 13.618055555555555 13.5 13.1875 0.16987909360990666 0.106761281406739
1182600.0 13.625 13.5 13.1875 0.16974252780206 0.106761281406739
1183200.0 13.631944444444445 13.510416666666666 13.1875 0.16960596199421332 0.10671155688505567
1183800.0 13.63888888888889 13.520833333333334 13.1875 0.16946939618636667 0.10666183236337233
1184400.0 13.645833333333334 13.53125 13.1875 0.16933283037851998 0.106612107841689
1185000.0 13.645833333333334 13.541666666666666 13.197916666666666 0.16926454747459665 0.106612107841689
1185600.0 13.645833333333334 13.552083333333334 13.208333333333334 0.16919626457067333 0.106612107841689
1186200.0 13.645833333333334 13.5625 13.21875 0.16912798166675 0.106612107841689
1186800.0 13.63888888888889 13.5625 13.21875 0.16905969876282667 0.106612107841689
1187400.0 13.631944444444445 13.5625 13.21875 0.16899141585890332 0.106612107841689
1188000.0 13.625 13.5625 13.21875 0.16892313295498 0.106612107841689
1188600.0 13.618055555555555 13.572916666666666 13.21875 0.16892313295498 0.106612107841689
1189200.0 13.61111111111111 13.583333333333334 13.21875 0.16892313295498 0.106612107841689
1189800.0 13.604166666666666 13.59375 13.21875 0.16892313295498 0.106612107841689
1190400.0 13.590277777777777 13.59375 13.229166666666666 0.16887761101903112 0.106612107841689
1191000.0 13.57638888888889 13.59375 13.239583333333334 0.16883208908308223 0.106612107841689
1191600.0 13.5625 13.59375 13.25 0.16878656714713336 0.106612107841689
1192200.0 13.555555555555555 13.583333333333334 13.25 0.16878656714713336 0.106612107841689
1192800.0 13.54861111111111 13.572916666666666 13.25 0.16878656714713333 0.106612107841689
1193400.0 13.541666666666666 13.5625 13.25 0.16878656714713333 0.106612107841689
1194000.0 13.527777777777777 13.5625 13.260416666666666 0.16878656714713333 0.106612107841689
1194600.0 13.51388888888889 13.5625 13.270833333333334 0.16878656714713333 0.106612107841689
1195200.0 13.5 13.5625 13.28125 0.16878656714713333 0.106612107841689
1195800.0 13.479166666666666 13.5625 13.28125 0.16878656714713333 0.106612107841689
1196400.0 13.458333333333334 13.5625 13.28125 0.16878656714713336 0.106612107841689
1197000.0 13.4375 13.5625 13.28125 0.16878656714713336 0.106612107841689
1197600.0 13.430555555555555 13.5625 13.28125 0.1687638061791589 0.106612107841689
1198200.0 13.42361111111111 13.5625 13.28125 0.16874104521118446 0.106612107841689
1198800.0 13.416666666666666 13.5625 13.28125 0.16871828424321 0.106612107841689
1199400.0 13.38888888888889 13.552083333333334 13.28125 0.16878656714713333 0.106612107841689
1200000.0 13.36111111111111 13.541666666666666 13.28125 0.16885485005105666 0.106612107841689
1200600.0 13.333333333333334 13.53125 13.28125 0.16892313295498 0.106612107841689
1201200.0 13.319444444444445 13.510416666666666 13.28125 0.16894589392295445 0.10656238332000566
1201800.0 13.305555555555555 13.489583333333334 13.28125 0.16896865489092888 0.10651265879832233
1202400.0 13.291666666666666 13.46875 13.28125 0.16899141585890334 0.106462934276639
1203000.0 13.26388888888889 13.46875 13.28125 0.16901417682687778 0.106462934276639
1203600.0 13.23611111111111 13.46875 13.28125 0.16903693779485224 0.106462934276639
1204200.0 13.208333333333334 13.46875 13.28125 0.16905969876282667 0.106462934276639
1204800.0 13.194444444444445 13.46875 13.28125 0.1690824597308011 0.106462934276639
1205400.0 13.180555555555555 13.46875 13.28125 0.16910522069877557 0.106462934276639
1206000.0 13.166666666666666 13.46875 13.28125 0.16912798166675 0.106462934276639
1206600.0 13.152777777777777 13.447916666666666 13.291666666666666 0.1691735036026989 0.106462934276639
1207200.0 13.13888888888889 13.427083333333334 13.302083333333334 0.16921902553864776 0.106462934276639
1207800.0 13.125 13.40625 13.3125 0.16926454747459665 0.106462934276639
1208400.0 13.11111111111111 13.395833333333334 13.3125 0.16931006941054555 0.106462934276639
1209000.0 13.097222222222223 13.385416666666666 13.3125 0.16935559134649444 0.106462934276639
1209600.0 13.083333333333334 13.375 13.3125 0.16940111328244334 0.106462934276639
1210200.0 13.055555555555555 13.375 13.3125 0.16942387425041777 0.106462934276639
1210800.0 13.027777777777779 13.375 13.3125 0.16944663521839223 0.106462934276639
1211400.0 13.0 13.375 13.3125 0.16946939618636667 0.106462934276639
1212000.0 12.993055555555555 13.375 13.3125 0.16951491812231556 0.106462934276639
1212600.0 12.98611111111111 13.375 13.3125 0.16956044005826443 0.106462934276639
1213200.0 12.979166666666666 13.375 13.3125 0.16960596199421332 0.106462934276639
1213800.0 12.958333333333332 13.364583333333334 13.302083333333334 0.16960596199421332 0.10641320975495566
1214400.0 12.9375 13.354166666666666 13.291666666666666 0.16960596199421332 0.10636348523327234
1215000.0 12.916666666666666 13.34375 13.28125 0.16960596199421332 0.106313760711589
1215600.0 12.902777777777777 13.322916666666666 13.270833333333334 0.16965148393016222 0.106313760711589
1216200.0 12.88888888888889 13.302083333333334 13.260416666666666 0.1696970058661111 0.106313760711589
1216800.0 12.875 13.28125 13.25 0.16974252780206 0.106313760711589
1217400.0 12.86111111111111 13.270833333333334 13.25 0.1697880497380089 0.106313760711589
1218000.0 12.847222222222223 13.260416666666666 13.25 0.1698335716739578 0.106313760711589
1218600.0 12.833333333333334 13.25 13.25 0.1698790936099067 0.106313760711589
1219200.0 12.8125 13.25 13.25 0.1698790936099067 0.106313760711589
1219800.0 12.791666666666668 13.25 13.25 0.1698790936099067 0.106313760711589
1220400.0 12.770833333333334 13.25 13.25 0.1698790936099067 0.106313760711589
1221000.0 12.756944444444445 13.239583333333334 13.239583333333334 0.16990185457788112 0.106313760711589
1221600.0 12.743055555555555 13.229166666666666 13.229166666666666 0.16992461554585556 0.106313760711589
1222200.0 12.729166666666666 13.21875 13.21875 0.16994737651383 0.106313760711589
1222800.0 12.708333333333332 13.208333333333334 13.21875 0.16997013748180442 0.10626403618990567
1223400.0 12.6875 13.197916666666666 13.21875 0.16999289844977888 0.10621431166822233
1224000.0 12.666666666666666 13.1875 13.21875 0.17001565941775332 0.106164587146539
1224600.0 12.652777777777777 13.1875 13.208333333333334 0.17003842038572778 0.106164587146539
1225200.0 12.63888888888889 13.1875 13.197916666666666 0.1700611813537022 0.106164587146539
1225800.0 12.625 13.1875 13.1875 0.17008394232167667 0.106164587146539
1226400.0 12.61111111111111 13.177083333333334 13.1875 0.1701067032896511 0.106164587146539
1227000.0 12.597222222222223 13.166666666666666 13.1875 0.17012946425762557 0.106164587146539
1227600.0 12.583333333333334 13.15625 13.1875 0.1701522252256 0.106164587146539
1228200.0 12.555555555555555 13.135416666666666 13.1875 0.17017498619357443 0.106164587146539
1228800.0 12.527777777777779 13.114583333333334 13.1875 0.17019774716154887 0.106164587146539
1229400.0 12.5 13.09375 13.1875 0.1702205081295233 0.106164587146539
1230000.0 12.493055555555555 13.083333333333334 13.1875 0.1702205081295233 0.106164587146539
1230600.0 12.48611111111111 13.072916666666666 13.1875 0.1702205081295233 0.106164587146539
1231200.0 12.479166666666666 13.0625 13.1875 0.1702205081295233 0.106164587146539
1231800.0 12.465277777777777 13.0625 13.1875 0.17028879103344666 0.106164587146539
1232400.0 12.45138888888889 13.0625 13.1875 0.17035707393736998 0.106164587146539
1233000.0 12.4375 13.0625 13.1875 0.17042535684129334 0.106164587146539
1233600.0 12.42361111111111 13.052083333333334 13.1875 0.17042535684129334 0.10611486262485566
1234200.0 12.409722222222223 13.041666666666666 13.1875 0.17042535684129334 0.10606513810317234
1234800.0 12.395833333333334 13.03125 13.1875 0.17042535684129334 0.106015413581489
1235400.0 12.381944444444445 13.03125 13.177083333333334 0.17042535684129334 0.106015413581489
1236000.0 12.368055555555555 13.03125 13.166666666666666 0.17042535684129334 0.106015413581489
1236600.0 12.354166666666666 13.03125 13.15625 0.17042535684129334 0.106015413581489
1237200.0 12.36111111111111 13.010416666666666 13.15625 0.17035707393736998 0.106015413581489
1237800.0 12.368055555555555 12.989583333333334 13.15625 0.17028879103344666 0.106015413581489
1238400.0 12.375 12.96875 13.15625 0.1702205081295233 0.106015413581489
1239000.0 12.375 12.958333333333334 13.145833333333334 0.17012946425762554 0.10596568905980566
1239600.0 12.375 12.947916666666666 13.135416666666666 0.17003842038572775 0.10591596453812234
1240200.0 12.375 12.9375 13.125 0.16994737651383 0.105866240016439
1240800.0 12.375 12.9375 13.125 0.16983357167395777 0.105866240016439
1241400.0 12.375 12.9375 13.125 0.16971976683408554 0.105866240016439
1242000.0 12.375 12.9375 13.125 0.16960596199421332 0.105866240016439
1242600.0 12.402777777777779 12.947916666666666 13.125 0.16942387425041777 0.10581651549475567
1243200.0 12.430555555555555 12.958333333333334 13.125 0.16924178650662222 0.10576679097307233
1243800.0 12.458333333333334 12.96875 13.125 0.16905969876282667 0.105717066451389
1244400.0 12.472222222222223 12.96875 13.114583333333334 0.16887761101903112 0.10566734192970566
1245000.0 12.48611111111111 12.96875 13.104166666666666 0.16869552327523557 0.10561761740802234
1245600.0 12.5 12.96875 13.09375 0.16851343553144002 0.105567892886339
1246200.0 12.527777777777779 12.979166666666666 13.09375 0.16833134778764444 0.105567892886339
1246800.0 12.555555555555555 12.989583333333334 13.09375 0.1681492600438489 0.105567892886339
1247400.0 12.583333333333334 13.0 13.09375 0.1679671723000533 0.105567892886339
1248000.0 12.61111111111111 13.0 13.09375 0.16776232358828333 0.10551816836465566
1248600.0 12.63888888888889 13.0 13.09375 0.16755747487651332 0.10546844384297234
1249200.0 12.666666666666666 13.0 13.09375 0.16735262616474333 0.105418719321289
1249800.0 12.708333333333332 13.010416666666666 13.09375 0.16714777745297335 0.10536899479960567
1250400.0 12.75 13.020833333333334 13.09375 0.16694292874120334 0.10531927027792233
1251000.0 12.791666666666666 13.03125 13.09375 0.16673808002943336 0.105269545756239
1251600.0 12.819444444444445 13.052083333333334 13.09375 0.16655599228563778 0.10521982123455566
1252200.0 12.847222222222221 13.072916666666666 13.09375 0.16637390454184223 0.10517009671287234
1252800.0 12.875 13.09375 13.09375 0.16619181679804665 0.105120372191189
1253400.0 12.916666666666666 13.114583333333334 13.09375 0.1660097290542511 0.10507064766950566
1254000.0 12.958333333333334 13.135416666666666 13.09375 0.16582764131045555 0.10502092314782234
1254600.0 13.0 13.15625 13.09375 0.16564555356666 0.104971198626139
1255200.0 13.020833333333334 13.166666666666666 13.083333333333334 0.16546346582286445 0.10492147410445567
1255800.0 13.041666666666666 13.177083333333334 13.072916666666666 0.1652813780790689 0.10487174958277233
1256400.0 13.0625 13.1875 13.0625 0.16509929033527335 0.104822025061089
1257000.0 13.104166666666666 13.197916666666666 13.0625 0.16493996355945223 0.10477230053940566
1257600.0 13.145833333333334 13.208333333333334 13.0625 0.1647806367836311 0.10472257601772234
1258200.0 13.1875 13.21875 13.0625 0.16462131000781 0.104672851496039
1258800.0 13.215277777777779 13.239583333333334 13.072916666666666 0.16443922226401445 0.10462312697435566
1259400.0 13.243055555555555 13.260416666666666 13.083333333333334 0.1642571345202189 0.10457340245267234
1260000.0 13.270833333333334 13.28125 13.09375 0.16407504677642334 0.104523677930989
1260600.0 13.305555555555555 13.302083333333334 13.09375 0.16393848096857666 0.10447395340930567
1261200.0 13.340277777777779 13.322916666666666 13.09375 0.16380191516073 0.10442422888762233
1261800.0 13.375 13.34375 13.09375 0.16366534935288332 0.104374504365939
1262400.0 13.395833333333334 13.354166666666666 13.104166666666666 0.16352878354503667 0.10432477984425566
1263000.0 13.416666666666666 13.364583333333334 13.114583333333334 0.16339221773718998 0.10427505532257234
1263600.0 13.4375 13.375 13.125 0.16325565192934333 0.104225330800889
1264200.0 13.458333333333334 13.375 13.125 0.1631418470894711 0.10417560627920566
1264800.0 13.479166666666666 13.375 13.125 0.16302804224959888 0.10412588175752234
1265400.0 13.5 13.375 13.125 0.16291423740972666 0.104076157235839
1266000.0 13.51388888888889 13.395833333333334 13.135416666666666 0.16280043256985444 0.104076157235839
1266600.0 13.527777777777777 13.416666666666666 13.145833333333334 0.16268662772998221 0.104076157235839
1267200.0 13.541666666666666 13.4375 13.15625 0.16257282289011 0.104076157235839
1267800.0 13.555555555555555 13.458333333333334 13.166666666666666 0.16250453998618666 0.10402643271415567
1268400.0 13.569444444444445 13.479166666666666 13.177083333333334 0.16243625708226334 0.10397670819247233
1269000.0 13.583333333333334 13.5 13.1875 0.16236797417834 0.103926983670789
1269600.0 13.590277777777779 13.5 13.1875 0.16227693030644222 0.103926983670789
1270200.0 13.597222222222221 13.5 13.1875 0.16218588643454443 0.103926983670789
1270800.0 13.604166666666666 13.5 13.1875 0.16209484256264664 0.103926983670789
1271400.0 13.604166666666666 13.5 13.1875 0.1620265596587233 0.103926983670789
1272000.0 13.604166666666666 13.5 13.1875 0.1619582767548 0.103926983670789
1272600.0 13.604166666666666 13.5 13.1875 0.16188999385087668 0.103926983670789
1273200.0 13.604166666666666 13.5 13.1875 0.1618444719149278 0.103926983670789
1273800.0 13.604166666666666 13.5 13.1875 0.1617989499789789 0.103926983670789
1274400.0 13.604166666666666 13.5 13.1875 0.16175342804303 0.103926983670789
1275000.0 13.583333333333332 13.510416666666666 13.1875 0.16177618901100443 0.103926983670789
1275600.0 13.5625 13.520833333333334 13.1875 0.1617989499789789 0.103926983670789
1276200.0 13.541666666666666 13.53125 13.1875 0.16182171094695333 0.103926983670789
1276800.0 13.534722222222221 13.53125 13.197916666666666 0.1617989499789789 0.103926983670789
1277400.0 13.527777777777779 13.53125 13.208333333333334 0.16177618901100443 0.103926983670789
1278000.0 13.520833333333334 13.53125 13.21875 0.16175342804303 0.103926983670789
1278600.0 13.506944444444445 13.53125 13.21875 0.16177618901100443 0.103926983670789
1279200.0 13.493055555555555 13.53125 13.21875 0.1617989499789789 0.103926983670789
1279800.0 13.479166666666666 13.53125 13.21875 0.16182171094695333 0.103926983670789
1280400.0 13.458333333333332 13.53125 13.21875 0.16182171094695333 0.103926983670789
1281000.0 13.4375 13.53125 13.21875 0.16182171094695333 0.103926983670789
1281600.0 13.416666666666666 13.53125 13.21875 0.16182171094695333 0.103926983670789
1282200.0 13.416666666666666 13.53125 13.21875 0.16184447191492776 0.103926983670789
1282800.0 13.416666666666666 13.53125 13.21875 0.16186723288290222 0.103926983670789
1283400.0 13.416666666666666 13.53125 13.21875 0.16188999385087666 0.103926983670789
1284000.0 13.38888888888889 13.520833333333334 13.21875 0.1619127548188511 0.103926983670789
1284600.0 13.36111111111111 13.510416666666666 13.21875 0.16193551578682555 0.103926983670789
1285200.0 13.333333333333334 13.5 13.21875 0.16195827675479998 0.103926983670789
1285800.0 13.32638888888889 13.489583333333334 13.229166666666666 0.16198103772277445 0.103926983670789
1286400.0 13.319444444444445 13.479166666666666 13.239583333333334 0.16200379869074888 0.103926983670789
1287000.0 13.3125 13.46875 13.25 0.16202655965872334 0.103926983670789
1287600.0 13.291666666666666 13.458333333333334 13.260416666666666 0.16204932062669777 0.103926983670789
1288200.0 13.270833333333334 13.447916666666666 13.270833333333334 0.16207208159467223 0.103926983670789
1288800.0 13.25 13.4375 13.28125 0.16209484256264667 0.103926983670789
1289400.0 13.23611111111111 13.4375 13.28125 0.16214036449859556 0.103926983670789
1290000.0 13.222222222222223 13.4375 13.28125 0.16218588643454446 0.103926983670789
1290600.0 13.208333333333334 13.4375 13.28125 0.16223140837049335 0.103926983670789
1291200.0 13.20138888888889 13.4375 13.28125 0.16227693030644225 0.103926983670789
1291800.0 13.194444444444445 13.4375 13.28125 0.1623224522423911 0.103926983670789
1292400.0 13.1875 13.4375 13.28125 0.16236797417834 0.103926983670789
1293000.0 13.159722222222221 13.427083333333334 13.270833333333334 0.16243625708226334 0.103926983670789
1293600.0 13.131944444444445 13.416666666666666 13.260416666666666 0.16250453998618666 0.103926983670789
1294200.0 13.104166666666666 13.40625 13.25 0.16257282289011 0.103926983670789
1294800.0 13.090277777777777 13.395833333333334 13.260416666666666 0.16261834482605889 0.103926983670789
1295400.0 13.07638888888889 13.385416666666666 13.270833333333334 0.16266386676200778 0.103926983670789
1296000.0 13.0625 13.375 13.28125 0.16270938869795668 0.103926983670789
1296600.0 13.041666666666666 13.375 13.270833333333334 0.16275491063390557 0.103926983670789
1297200.0 13.020833333333334 13.375 13.260416666666666 0.16280043256985444 0.103926983670789
1297800.0 13.0 13.375 13.25 0.16284595450580333 0.103926983670789
1298400.0 12.993055555555555 13.375 13.25 0.16286871547377776 0.10387725914910566
1299000.0 12.98611111111111 13.375 13.25 0.16289147644175223 0.10382753462742234
1299600.0 12.979166666666666 13.375 13.25 0.16291423740972666 0.103777810105739
1300200.0 12.958333333333332 13.354166666666666 13.25 0.16295975934567555 0.103777810105739
1300800.0 12.9375 13.333333333333334 13.25 0.16300528128162445 0.103777810105739
1301400.0 12.916666666666666 13.3125 13.25 0.16305080321757334 0.103777810105739
1302000.0 12.895833333333332 13.302083333333334 13.25 0.16307356418554778 0.103777810105739
1302600.0 12.875 13.291666666666666 13.25 0.16309632515352224 0.103777810105739
1303200.0 12.854166666666666 13.28125 13.25 0.16311908612149667 0.103777810105739
1303800.0 12.847222222222221 13.270833333333334 13.239583333333334 0.16316460805744556 0.103777810105739
1304400.0 12.840277777777779 13.260416666666666 13.229166666666666 0.16321012999339446 0.103777810105739
1305000.0 12.833333333333334 13.25 13.21875 0.16325565192934335 0.103777810105739
1305600.0 12.82638888888889 13.25 13.21875 0.16330117386529225 0.103777810105739
1306200.0 12.819444444444445 13.25 13.21875 0.16334669580124112 0.103777810105739
1306800.0 12.8125 13.25 13.21875 0.16339221773719 0.103777810105739
1307400.0 12.791666666666666 13.239583333333334 13.21875 0.16341497870516444 0.103777810105739
1308000.0 12.770833333333334 13.229166666666666 13.21875 0.16343773967313888 0.103777810105739
1308600.0 12.75 13.21875 13.21875 0.1634605006411133 0.103777810105739
1309200.0 12.743055555555555 13.21875 13.208333333333334 0.1634605006411133 0.103777810105739
1309800.0 12.73611111111111 13.21875 13.197916666666666 0.1634605006411133 0.103777810105739
1310400.0 12.729166666666666 13.21875 13.1875 0.1634605006411133 0.103777810105739
1311000.0 12.722222222222221 13.208333333333334 13.1875 0.16348326160908777 0.103777810105739
1311600.0 12.715277777777779 13.197916666666666 13.1875 0.1635060225770622 0.103777810105739
1312200.0 12.708333333333334 13.1875 13.1875 0.16352878354503667 0.103777810105739
1312800.0 12.70138888888889 13.177083333333334 13.1875 0.1635515445130111 0.103777810105739
1313400.0 12.694444444444445 13.166666666666666 13.1875 0.16357430548098556 0.103777810105739
1314000.0 12.6875 13.15625 13.1875 0.16359706644896 0.103777810105739
1314600.0 12.666666666666666 13.15625 13.1875 0.16361982741693443 0.10372808558405566
1315200.0 12.645833333333334 13.15625 13.1875 0.1636425883849089 0.10367836106237234
1315800.0 12.625 13.15625 13.1875 0.16366534935288332 0.103628636540689
1316400.0 12.618055555555555 13.145833333333334 13.1875 0.16366534935288332 0.103628636540689
1317000.0 12.61111111111111 13.135416666666666 13.1875 0.16366534935288332 0.103628636540689
1317600.0 12.604166666666666 13.125 13.1875 0.16366534935288332 0.103628636540689
1318200.0 12.604166666666666 13.114583333333334 13.1875 0.16371087128883222 0.103628636540689
1318800.0 12.604166666666666 13.104166666666666 13.1875 0.1637563932247811 0.103628636540689
1319400.0 12.604166666666666 13.09375 13.1875 0.16380191516073 0.103628636540689
1320000.0 12.583333333333332 13.083333333333334 13.1875 0.1638474370966789 0.103628636540689
1320600.0 12.5625 13.072916666666666 13.1875 0.16389295903262777 0.103628636540689
1321200.0 12.541666666666666 13.0625 13.1875 0.16393848096857666 0.103628636540689
1321800.0 12.541666666666666 13.0625 13.177083333333334 0.16393848096857666 0.103628636540689
1322400.0 12.541666666666666 13.0625 13.166666666666666 0.16393848096857666 0.103628636540689
1323000.0 12.541666666666666 13.0625 13.15625 0.16393848096857666 0.103628636540689
1323600.0 12.541666666666666 13.0625 13.15625 0.16391572000060223 0.103628636540689
1324200.0 12.541666666666666 13.0625 13.15625 0.16389295903262777 0.103628636540689
1324800.0 12.541666666666666 13.0625 13.15625 0.16387019806465333 0.103628636540689
1325400.0 12.555555555555555 13.0625 13.15625 0.16377915419275554 0.10357891201900567
1326000.0 12.569444444444445 13.0625 13.15625 0.16368811032085778 0.10352918749732233
1326600.0 12.583333333333334 13.0625 13.15625 0.16359706644896 0.103479462975639
1327200.0 12.583333333333334 13.0625 13.145833333333334 0.16348326160908777 0.103479462975639
1327800.0 12.583333333333334 13.0625 13.135416666666666 0.16336945676921555 0.103479462975639
1328400.0 12.583333333333334 13.0625 13.125 0.16325565192934333 0.103479462975639
1329000.0 12.61111111111111 13.0625 13.125 0.16307356418554778 0.10342973845395566
1329600.0 12.63888888888889 13.0625 13.125 0.16289147644175223 0.10338001393227234
1330200.0 12.666666666666666 13.0625 13.125 0.16270938869795668 0.103330289410589
1330800.0 12.70138888888889 13.072916666666666 13.114583333333334 0.16252730095416112 0.10328056488890566
1331400.0 12.73611111111111 13.083333333333334 13.104166666666666 0.16234521321036555 0.10323084036722234
1332000.0 12.770833333333334 13.09375 13.09375 0.16216312546657 0.103181115845539
1332600.0 12.791666666666668 13.104166666666666 13.09375 0.16202655965872334 0.10313139132385567
1333200.0 12.8125 13.114583333333334 13.09375 0.16188999385087666 0.10308166680217233
1333800.0 12.833333333333334 13.125 13.09375 0.16175342804303 0.103031942280489
1334400.0 12.875 13.125 13.09375 0.16157134029923445 0.10298221775880566
1335000.0 12.916666666666668 13.125 13.09375 0.1613892525554389 0.10293249323712234
1335600.0 12.958333333333334 13.125 13.09375 0.16120716481164335 0.102882768715439
1336200.0 12.98611111111111 13.145833333333334 13.09375 0.16100231609987334 0.10283304419375566
1336800.0 13.01388888888889 13.166666666666666 13.09375 0.16079746738810335 0.10278331967207234
1337400.0 13.041666666666666 13.1875 13.09375 0.16059261867633334 0.102733595150389
1338000.0 13.083333333333332 13.197916666666666 13.09375 0.16034224802861444 0.10268387062870567
1338600.0 13.125 13.208333333333334 13.09375 0.16009187738089556 0.10263414610702233
1339200.0 13.166666666666666 13.21875 13.09375 0.15984150673317665 0.102584421585339
1339800.0 13.194444444444445 13.239583333333334 13.09375 0.1596594189893811 0.10253469706365566
1340400.0 13.222222222222221 13.260416666666666 13.09375 0.15947733124558555 0.10248497254197234
1341000.0 13.25 13.28125 13.09375 0.15929524350179 0.102435248020289
1341600.0 13.291666666666666 13.302083333333334 13.09375 0.15913591672596888 0.10238552349860566
1342200.0 13.333333333333334 13.322916666666666 13.09375 0.1589765899501478 0.10233579897692234
1342800.0 13.375 13.34375 13.09375 0.15881726317432668 0.102286074455239
1343400.0 13.409722222222221 13.354166666666666 13.104166666666666 0.15865793639850556 0.10218662541187233
1344000.0 13.444444444444445 13.364583333333334 13.114583333333334 0.15849860962268447 0.10208717636850567
1344600.0 13.479166666666666 13.375 13.125 0.15833928284686336 0.101987727325139
1345200.0 13.51388888888889 13.385416666666666 13.135416666666666 0.15817995607104224 0.10193800280345566
1345800.0 13.54861111111111 13.395833333333334 13.145833333333334 0.15802062929522112 0.10188827828177234
1346400.0 13.583333333333334 13.40625 13.15625 0.1578613025194 0.101838553760089
1347000.0 13.604166666666668 13.4375 13.166666666666666 0.15774749767952778 0.10178882923840567
1347600.0 13.625 13.46875 13.177083333333334 0.15763369283965556 0.10173910471672233
1348200.0 13.645833333333334 13.5 13.1875 0.15751988799978334 0.101689380195039
1348800.0 13.666666666666668 13.510416666666666 13.1875 0.15740608315991111 0.10163965567335566
1349400.0 13.6875 13.520833333333334 13.1875 0.1572922783200389 0.10158993115167234
1350000.0 13.708333333333334 13.53125 13.1875 0.15717847348016667 0.101540206629989
1350600.0 13.73611111111111 13.541666666666666 13.1875 0.15706466864029445 0.101540206629989
1351200.0 13.76388888888889 13.552083333333334 13.1875 0.15695086380042222 0.101540206629989
1351800.0 13.791666666666666 13.5625 13.1875 0.15683705896055 0.101540206629989
1352400.0 13.805555555555555 13.572916666666666 13.1875 0.1567460150886522 0.10149048210830566
1353000.0 13.819444444444445 13.583333333333334 13.1875 0.15665497121675445 0.10144075758662234
1353600.0 13.833333333333334 13.59375 13.1875 0.15656392734485666 0.101391033064939
1354200.0 13.840277777777779 13.614583333333334 13.197916666666666 0.15651840540890777 0.101391033064939
1354800.0 13.847222222222221 13.635416666666666 13.208333333333334 0.1564728834729589 0.101391033064939
1355400.0 13.854166666666666 13.65625 13.21875 0.15642736153701 0.101391033064939
1356000.0 13.868055555555555 13.666666666666666 13.21875 0.15635907863308668 0.101391033064939
1356600.0 13.881944444444445 13.677083333333334 13.21875 0.15629079572916332 0.101391033064939
1357200.0 13.895833333333334 13.6875 13.21875 0.15622251282524 0.101391033064939
1357800.0 13.895833333333334 13.6875 13.229166666666666 0.1561769908892911 0.101391033064939
1358400.0 13.895833333333334 13.6875 13.239583333333334 0.15613146895334223 0.101391033064939
1359000.0 13.895833333333334 13.6875 13.25 0.15608594701739334 0.101391033064939
1359600.0 13.895833333333334 13.697916666666666 13.25 0.15604042508144444 0.101391033064939
1360200.0 13.895833333333334 13.708333333333334 13.25 0.15599490314549558 0.101391033064939
1360800.0 13.895833333333334 13.71875 13.25 0.15594938120954668 0.101391033064939
1361400.0 13.88888888888889 13.71875 13.260416666666666 0.1559038592735978 0.101391033064939
1362000.0 13.881944444444445 13.71875 13.270833333333334 0.1558583373376489 0.101391033064939
1362600.0 13.875 13.71875 13.28125 0.1558128154017 0.101391033064939
1363200.0 13.86111111111111 13.729166666666666 13.28125 0.1557672934657511 0.101391033064939
1363800.0 13.847222222222223 13.739583333333334 13.28125 0.1557217715298022 0.101391033064939
1364400.0 13.833333333333334 13.75 13.28125 0.15567624959385332 0.101391033064939
1365000.0 13.819444444444445 13.75 13.28125 0.15563072765790442 0.101391033064939
1365600.0 13.805555555555555 13.75 13.28125 0.15558520572195556 0.101391033064939
1366200.0 13.791666666666666 13.75 13.28125 0.15553968378600666 0.101391033064939
1366800.0 13.777777777777777 13.75 13.291666666666666 0.15556244475398112 0.101391033064939
1367400.0 13.76388888888889 13.75 13.302083333333334 0.15558520572195556 0.101391033064939
1368000.0 13.75 13.75 13.3125 0.15560796668993002 0.101391033064939
1368600.0 13.743055555555555 13.739583333333334 13.322916666666666 0.15560796668993002 0.101391033064939
1369200.0 13.73611111111111 13.729166666666666 13.333333333333334 0.15560796668993002 0.101391033064939
1369800.0 13.729166666666666 13.71875 13.34375 0.15560796668993002 0.101391033064939
1370400.0 13.715277777777777 13.71875 13.34375 0.15556244475398112 0.101391033064939
1371000.0 13.70138888888889 13.71875 13.34375 0.15551692281803223 0.101391033064939
1371600.0 13.6875 13.71875 13.34375 0.15547140088208333 0.101391033064939
1372200.0 13.67361111111111 13.708333333333334 13.34375 0.15547140088208333 0.101391033064939
1372800.0 13.659722222222223 13.697916666666666 13.34375 0.15547140088208333 0.101391033064939
1373400.0 13.645833333333334 13.6875 13.34375 0.15547140088208333 0.101391033064939
1374000.0 13.625 13.6875 13.34375 0.15549416185005777 0.101391033064939
1374600.0 13.604166666666668 13.6875 13.34375 0.15551692281803223 0.101391033064939
1375200.0 13.583333333333334 13.6875 13.34375 0.15553968378600666 0.101391033064939
1375800.0 13.569444444444445 13.677083333333334 13.34375 0.1555624447539811 0.101391033064939
1376400.0 13.555555555555555 13.666666666666666 13.34375 0.15558520572195556 0.101391033064939
1377000.0 13.541666666666666 13.65625 13.34375 0.15560796668993 0.101391033064939
1377600.0 13.527777777777777 13.645833333333334 13.34375 0.15565348862587888 0.101391033064939
1378200.0 13.51388888888889 13.635416666666666 13.34375 0.15569901056182778 0.101391033064939
1378800.0 13.5 13.625 13.34375 0.15574453249777667 0.101391033064939
1379400.0 13.48611111111111 13.625 13.34375 0.15579005443372557 0.101391033064939
1380000.0 13.472222222222223 13.625 13.34375 0.15583557636967443 0.101391033064939
1380600.0 13.458333333333334 13.625 13.34375 0.15588109830562333 0.101391033064939
1381200.0 13.45138888888889 13.604166666666666 13.34375 0.1559038592735978 0.101391033064939
1381800.0 13.444444444444445 13.583333333333334 13.34375 0.15592662024157222 0.101391033064939
1382400.0 13.4375 13.5625 13.34375 0.15594938120954668 0.101391033064939
1383000.0 13.409722222222221 13.5625 13.34375 0.15597214217752112 0.101391033064939
1383600.0 13.381944444444445 13.5625 13.34375 0.15599490314549555 0.101391033064939
1384200.0 13.354166666666666 13.5625 13.34375 0.15601766411346998 0.101391033064939
1384800.0 13.347222222222221 13.5625 13.34375 0.15601766411346998 0.101391033064939
1385400.0 13.340277777777779 13.5625 13.34375 0.15601766411346998 0.101391033064939
1386000.0 13.333333333333334 13.5625 13.34375 0.15601766411346998 0.101391033064939
1386600.0 13.3125 13.552083333333334 13.34375 0.15610870798536777 0.101391033064939
1387200.0 13.291666666666668 13.541666666666666 13.34375 0.15619975185726556 0.101391033064939
1387800.0 13.270833333333334 13.53125 13.34375 0.15629079572916335 0.101391033064939
1388400.0 13.25 13.520833333333334 13.333333333333334 0.1563818396010611 0.101391033064939
1389000.0 13.229166666666668 13.510416666666666 13.322916666666666 0.1564728834729589 0.101391033064939
1389600.0 13.208333333333334 13.5 13.3125 0.15656392734485666 0.101391033064939
1390200.0 13.1875 13.5 13.3125 0.15663221024878 0.101391033064939
1390800.0 13.166666666666668 13.5 13.3125 0.15670049315270335 0.101391033064939
1391400.0 13.145833333333334 13.5 13.3125 0.15676877605662667 0.101391033064939
1392000.0 13.13888888888889 13.489583333333334 13.3125 0.1567915370246011 0.101391033064939
1392600.0 13.131944444444445 13.479166666666666 13.3125 0.15681429799257557 0.101391033064939
1393200.0 13.125 13.46875 13.3125 0.15683705896055 0.101391033064939
1393800.0 13.104166666666666 13.458333333333334 13.3125 0.15685981992852444 0.101391033064939
1394400.0 13.083333333333334 13.447916666666666 13.3125 0.1568825808964989 0.101391033064939
1395000.0 13.0625 13.4375 13.3125 0.15690534186447333 0.101391033064939
1395600.0 13.041666666666666 13.416666666666666 13.3125 0.15697362476839666 0.101391033064939
1396200.0 13.020833333333334 13.395833333333334 13.3125 0.15704190767232 0.101391033064939
1396800.0 13.0 13.375 13.3125 0.15711019057624334 0.101391033064939
1397400.0 12.993055555555555 13.375 13.3125 0.15715571251219224 0.101391033064939
1398000.0 12.98611111111111 13.375 13.3125 0.1572012344481411 0.101391033064939
1398600.0 12.979166666666666 13.375 13.3125 0.15724675638409 0.101391033064939
1399200.0 12.972222222222221 13.375 13.3125 0.15731503928801333 0.101391033064939
1399800.0 12.965277777777779 13.375 13.3125 0.15738332219193668 0.101391033064939
1400400.0 12.958333333333334 13.375 13.3125 0.15745160509586 0.101391033064939
1401000.0 12.944444444444445 13.364583333333334 13.3125 0.15747436606383444 0.10134130854325567
1401600.0 12.930555555555555 13.354166666666666 13.3125 0.1574971270318089 0.10129158402157233
1402200.0 12.916666666666666 13.34375 13.3125 0.15751988799978334 0.101241859499889
1402800.0 12.902777777777777 13.333333333333334 13.3125 0.15756540993573223 0.101241859499889
1403400.0 12.88888888888889 13.322916666666666 13.3125 0.15761093187168113 0.101241859499889
1404000.0 12.875 13.3125 13.3125 0.15765645380763002 0.101241859499889
1404600.0 12.868055555555555 13.302083333333334 13.3125 0.15767921477560445 0.101241859499889
1405200.0 12.86111111111111 13.291666666666666 13.3125 0.1577019757435789 0.101241859499889
1405800.0 12.854166666666666 13.28125 13.3125 0.15772473671155332 0.101241859499889
1406400.0 12.854166666666666 13.28125 13.3125 0.1577019757435789 0.101241859499889
1407000.0 12.854166666666666 13.28125 13.3125 0.15767921477560445 0.101241859499889
1407600.0 12.854166666666666 13.28125 13.3125 0.15765645380763002 0.101241859499889
1408200.0 12.854166666666666 13.270833333333334 13.302083333333334 0.15770197574357891 0.101241859499889
1408800.0 12.854166666666666 13.260416666666666 13.291666666666666 0.15774749767952778 0.101241859499889
1409400.0 12.854166666666666 13.25 13.28125 0.15779301961547668 0.101241859499889
1410000.0 12.854166666666666 13.25 13.270833333333334 0.1578157805834511 0.101241859499889
1410600.0 12.854166666666666 13.25 13.260416666666666 0.15783854155142557 0.101241859499889
1411200.0 12.854166666666666 13.25 13.25 0.1578613025194 0.101241859499889
1411800.0 12.854166666666666 13.25 13.25 0.1579523463912978 0.101241859499889
1412400.0 12.854166666666666 13.25 13.25 0.15804339026319555 0.101241859499889
1413000.0 12.854166666666666 13.25 13.25 0.15813443413509334 0.101241859499889
1413600.0 12.868055555555555 13.25 13.239583333333334 0.16453026613591223 0.101241859499889
1414200.0 12.881944444444445 13.25 13.229166666666666 0.17092609813673112 0.101241859499889
1414800.0 12.895833333333334 13.25 13.21875 0.17732193013755002 0.101241859499889
1415400.0 12.902777777777779 13.25 13.21875 0.17652529625844446 0.101241859499889
1416000.0 12.909722222222221 13.25 13.21875 0.1757286623793389 0.101241859499889
1416600.0 12.916666666666666 13.25 13.21875 0.17493202850023334 0.101241859499889
1417200.0 12.916666666666666 13.25 13.21875 0.17342980461392002 0.101241859499889
1417800.0 12.916666666666666 13.25 13.21875 0.17192758072760667 0.101241859499889
1418400.0 12.916666666666666 13.25 13.21875 0.17042535684129334 0.101241859499889
1419000.0 12.9375 13.25 13.21875 0.1699018545778811 0.101241859499889
1419600.0 12.958333333333332 13.25 13.21875 0.16937835231446888 0.101241859499889
1420200.0 12.979166666666666 13.25 13.21875 0.16885485005105663 0.101241859499889
1420800.0 12.98611111111111 13.260416666666666 13.208333333333334 0.16849067456346553 0.101241859499889
1421400.0 12.993055555555555 13.270833333333334 13.197916666666666 0.16812649907587443 0.101241859499889
1422000.0 13.0 13.28125 13.1875 0.16776232358828333 0.101241859499889
1422600.0 13.01388888888889 13.28125 13.197916666666666 0.16755747487651335 0.101241859499889
1423200.0 13.027777777777777 13.28125 13.208333333333334 0.16735262616474333 0.101241859499889
1423800.0 13.041666666666666 13.28125 13.21875 0.16714777745297335 0.101241859499889
1424400.0 13.055555555555555 13.291666666666666 13.208333333333334 0.16701121164512667 0.10119213497820566
1425000.0 13.069444444444445 13.302083333333334 13.197916666666666 0.16687464583728 0.10114241045652234
1425600.0 13.083333333333334 13.3125 13.1875 0.16673808002943333 0.101092685934839
1426200.0 13.090277777777779 13.3125 13.1875 0.16653323131766334 0.101092685934839
1426800.0 13.097222222222221 13.3125 13.1875 0.16632838260589333 0.101092685934839
1427400.0 13.104166666666666 13.3125 13.1875 0.16612353389412335 0.101092685934839
1428000.0 13.118055555555555 13.3125 13.1875 0.1659414461503278 0.101092685934839
1428600.0 13.131944444444445 13.3125 13.1875 0.16575935840653222 0.101092685934839
1429200.0 13.145833333333334 13.3125 13.1875 0.16557727066273667 0.101092685934839
1429800.0 13.159722222222223 13.3125 13.1875 0.16544070485488999 0.101092685934839
1430400.0 13.17361111111111 13.3125 13.1875 0.16530413904704333 0.101092685934839
1431000.0 13.1875 13.3125 13.1875 0.16516757323919665 0.101092685934839
1431600.0 13.194444444444445 13.322916666666666 13.1875 0.16509929033527332 0.10104296141315566
1432200.0 13.20138888888889 13.333333333333334 13.1875 0.16503100743135 0.10099323689147234
1432800.0 13.208333333333334 13.34375 13.1875 0.16496272452742666 0.100943512369789
1433400.0 13.215277777777779 13.354166666666666 13.1875 0.16484891968755444 0.100943512369789
1434000.0 13.222222222222221 13.364583333333334 13.1875 0.16473511484768222 0.100943512369789
1434600.0 13.229166666666666 13.375 13.1875 0.16462131000781 0.100943512369789
1435200.0 13.229166666666666 13.385416666666666 13.1875 0.16450750516793777 0.100943512369789
1435800.0 13.229166666666666 13.395833333333334 13.1875 0.16439370032806555 0.100943512369789
1436400.0 13.229166666666666 13.40625 13.1875 0.16427989548819333 0.100943512369789
1437000.0 13.23611111111111 13.416666666666666 13.1875 0.16414332968034667 0.10089378784810567
1437600.0 13.243055555555555 13.427083333333334 13.1875 0.1640067638725 0.10084406332642233
1438200.0 13.25 13.4375 13.1875 0.16387019806465333 0.100794338804739
1438800.0 13.256944444444445 13.4375 13.208333333333334 0.1637563932247811 0.100794338804739
1439400.0 13.26388888888889 13.4375 13.229166666666666 0.1636425883849089 0.100794338804739
1440000.0 13.270833333333334 13.4375 13.25 0.16352878354503667 0.100794338804739
1440600.0 13.270833333333334 13.4375 13.25 0.16341497870516444 0.10074461428305566
1441200.0 13.270833333333334 13.4375 13.25 0.16330117386529222 0.10069488976137234
1441800.0 13.270833333333334 13.4375 13.25 0.16318736902542 0.100645165239689
1442400.0 13.270833333333334 13.4375 13.25 0.1630963251535222 0.100645165239689
1443000.0 13.270833333333334 13.4375 13.25 0.16300528128162445 0.100645165239689
1443600.0 13.270833333333334 13.4375 13.25 0.16291423740972666 0.100645165239689
1444200.0 13.270833333333334 13.4375 13.25 0.16286871547377776 0.100645165239689
1444800.0 13.270833333333334 13.4375 13.25 0.16282319353782887 0.100645165239689
1445400.0 13.270833333333334 13.4375 13.25 0.16277767160187998 0.100645165239689
1446000.0 13.26388888888889 13.4375 13.25 0.16275491063390554 0.100645165239689
1446600.0 13.256944444444445 13.4375 13.25 0.1627321496659311 0.100645165239689
1447200.0 13.25 13.4375 13.25 0.16270938869795668 0.100645165239689
1447800.0 13.243055555555555 13.4375 13.25 0.16266386676200778 0.100645165239689
1448400.0 13.23611111111111 13.4375 13.25 0.16261834482605889 0.100645165239689
1449000.0 13.229166666666666 13.4375 13.25 0.16257282289011 0.100645165239689
1449600.0 13.222222222222221 13.4375 13.25 0.16255006192213556 0.100645165239689
1450200.0 13.215277777777779 13.4375 13.25 0.1625273009541611 0.100645165239689
1450800.0 13.208333333333334 13.4375 13.25 0.16250453998618666 0.100645165239689
1451400.0 13.20138888888889 13.4375 13.25 0.1624817790182122 0.100645165239689
1452000.0 13.194444444444445 13.4375 13.25 0.16245901805023777 0.100645165239689
1452600.0 13.1875 13.4375 13.25 0.1624362570822633 0.100645165239689
1453200.0 13.17361111111111 13.427083333333334 13.260416666666666 0.16245901805023777 0.100645165239689
1453800.0 13.159722222222223 13.416666666666666 13.270833333333334 0.1624817790182122 0.100645165239689
1454400.0 13.145833333333334 13.40625 13.28125 0.16250453998618666 0.100645165239689
1455000.0 13.125 13.40625 13.270833333333334 0.16257282289011 0.100645165239689
1455600.0 13.104166666666668 13.40625 13.260416666666666 0.16264110579403335 0.100645165239689
1456200.0 13.083333333333334 13.40625 13.25 0.16270938869795668 0.100645165239689
1456800.0 13.069444444444445 13.395833333333334 13.25 0.16268662772998221 0.100645165239689
1457400.0 13.055555555555555 13.385416666666666 13.25 0.16266386676200778 0.100645165239689
1458000.0 13.041666666666666 13.375 13.25 0.16264110579403332 0.100645165239689
1458600.0 13.041666666666666 13.375 13.25 0.16259558385808442 0.100645165239689
1459200.0 13.041666666666666 13.375 13.25 0.16255006192213556 0.100645165239689
1459800.0 13.041666666666666 13.375 13.25 0.16250453998618666 0.100645165239689
1460400.0 13.034722222222221 13.364583333333334 13.25 0.16250453998618666 0.100645165239689
1461000.0 13.027777777777779 13.354166666666666 13.25 0.16250453998618666 0.100645165239689
1461600.0 13.020833333333334 13.34375 13.25 0.16250453998618666 0.100645165239689
1462200.0 13.0 13.34375 13.25 0.16250453998618666 0.100645165239689
1462800.0 12.979166666666668 13.34375 13.25 0.16250453998618666 0.100645165239689
1463400.0 12.958333333333334 13.34375 13.25 0.16250453998618666 0.100645165239689
1464000.0 12.95138888888889 13.333333333333334 13.25 0.16255006192213556 0.10059544071800566
1464600.0 12.944444444444445 13.322916666666666 13.25 0.16259558385808442 0.10054571619632234
1465200.0 12.9375 13.3125 13.25 0.16264110579403332 0.100495991674639
1465800.0 12.916666666666666 13.291666666666666 13.239583333333334 0.16266386676200778 0.100495991674639
1466400.0 12.895833333333334 13.270833333333334 13.229166666666666 0.16268662772998221 0.100495991674639
1467000.0 12.875 13.25 13.21875 0.16270938869795668 0.100495991674639
1467600.0 12.86111111111111 13.25 13.21875 0.16270938869795668 0.100495991674639
1468200.0 12.847222222222223 13.25 13.21875 0.16270938869795668 0.100495991674639
1468800.0 12.833333333333334 13.25 13.21875 0.16270938869795668 0.100495991674639
1469400.0 12.833333333333334 13.25 13.21875 0.16268662772998224 0.100495991674639
1470000.0 12.833333333333334 13.25 13.21875 0.16266386676200778 0.100495991674639
1470600.0 12.833333333333334 13.25 13.21875 0.16264110579403335 0.100495991674639
1471200.0 12.833333333333334 13.25 13.21875 0.1626183448260589 0.100495991674639
1471800.0 12.833333333333334 13.25 13.21875 0.16259558385808445 0.100495991674639
1472400.0 12.833333333333334 13.25 13.21875 0.16257282289011002 0.100495991674639
1473000.0 12.833333333333334 13.25 13.208333333333334 0.16255006192213556 0.100495991674639
1473600.0 12.833333333333334 13.25 13.197916666666666 0.16252730095416112 0.100495991674639
1474200.0 12.833333333333334 13.25 13.1875 0.16250453998618666 0.100495991674639
1474800.0 12.82638888888889 13.239583333333334 13.1875 0.16245901805023777 0.100495991674639
1475400.0 12.819444444444445 13.229166666666666 13.1875 0.1624134961142889 0.100495991674639
1476000.0 12.8125 13.21875 13.1875 0.16236797417834 0.100495991674639
1476600.0 12.819444444444445 13.21875 13.1875 0.1623224522423911 0.100495991674639
1477200.0 12.82638888888889 13.21875 13.1875 0.16227693030644222 0.100495991674639
1477800.0 12.833333333333334 13.21875 13.1875 0.16223140837049332 0.100495991674639
1478400.0 12.82638888888889 13.21875 13.1875 0.1622086474025189 0.100495991674639
1479000.0 12.819444444444445 13.21875 13.1875 0.16218588643454443 0.100495991674639
1479600.0 12.8125 13.21875 13.1875 0.16216312546657 0.100495991674639
1480200.0 12.8125 13.21875 13.1875 0.16214036449859556 0.100495991674639
1480800.0 12.8125 13.21875 13.1875 0.1621176035306211 0.100495991674639
1481400.0 12.8125 13.21875 13.1875 0.16209484256264667 0.100495991674639
1482000.0 12.8125 13.21875 13.1875 0.16204932062669777 0.100495991674639
1482600.0 12.8125 13.21875 13.1875 0.16200379869074888 0.100495991674639
1483200.0 12.8125 13.21875 13.1875 0.16195827675479998 0.100495991674639
1483800.0 12.8125 13.21875 13.1875 0.16193551578682555 0.10044626715295567
1484400.0 12.8125 13.21875 13.1875 0.1619127548188511 0.10039654263127233
1485000.0 12.8125 13.21875 13.1875 0.16188999385087666 0.100346818109589
1485600.0 12.8125 13.208333333333334 13.1875 0.16184447191492776 0.100346818109589
1486200.0 12.8125 13.197916666666666 13.1875 0.16179894997897887 0.100346818109589
1486800.0 12.8125 13.1875 13.1875 0.16175342804302997 0.100346818109589
1487400.0 12.8125 13.1875 13.1875 0.1617079061070811 0.100346818109589
1488000.0 12.8125 13.1875 13.1875 0.1616623841711322 0.100346818109589
1488600.0 12.8125 13.1875 13.1875 0.16161686223518335 0.100346818109589
1489200.0 12.8125 13.1875 13.1875 0.16159410126720888 0.100346818109589
1489800.0 12.8125 13.1875 13.1875 0.16157134029923445 0.100346818109589
1490400.0 12.8125 13.1875 13.1875 0.16154857933126 0.100346818109589
1491000.0 12.79861111111111 13.177083333333334 13.1875 0.16152581836328556 0.100346818109589
1491600.0 12.784722222222223 13.166666666666666 13.1875 0.1615030573953111 0.100346818109589
1492200.0 12.770833333333334 13.15625 13.1875 0.16148029642733666 0.100346818109589
1492800.0 12.770833333333334 13.15625 13.1875 0.16148029642733666 0.100346818109589
1493400.0 12.770833333333334 13.15625 13.1875 0.16148029642733666 0.100346818109589
1494000.0 12.770833333333334 13.15625 13.1875 0.16148029642733666 0.100346818109589
1494600.0 12.770833333333334 13.145833333333334 13.1875 0.16143477449138777 0.100346818109589
1495200.0 12.770833333333334 13.135416666666666 13.1875 0.1613892525554389 0.100346818109589
1495800.0 12.770833333333334 13.125 13.1875 0.16134373061949 0.100346818109589
1496400.0 12.777777777777779 13.135416666666666 13.1875 0.16127544771556668 0.10029709358790566
1497000.0 12.784722222222221 13.145833333333334 13.1875 0.16120716481164332 0.10024736906622234
1497600.0 12.791666666666666 13.15625 13.1875 0.16113888190772 0.100197644544539
1498200.0 12.791666666666666 13.145833333333334 13.177083333333334 0.16102507706784777 0.100197644544539
1498800.0 12.791666666666666 13.135416666666666 13.166666666666666 0.16091127222797555 0.100197644544539
1499400.0 12.791666666666666 13.125 13.15625 0.16079746738810333 0.100197644544539
1500000.0 12.791666666666666 13.125 13.15625 0.1606836625482311 0.100197644544539
1500600.0 12.791666666666666 13.125 13.15625 0.16056985770835888 0.100197644544539
1501200.0 12.791666666666666 13.125 13.15625 0.16045605286848666 0.100197644544539
1501800.0 12.8125 13.125 13.15625 0.16031948706064 0.10014792002285566
1502400.0 12.833333333333332 13.125 13.15625 0.16018292125279332 0.10009819550117234
1503000.0 12.854166666666666 13.125 13.15625 0.16004635544494666 0.100048470979489
1503600.0 12.868055555555555 13.135416666666666 13.15625 0.1599097896371 0.09999874645780571
1504200.0 12.881944444444445 13.145833333333334 13.15625 0.15977322382925332 0.0999490219361224
1504800.0 12.895833333333334 13.15625 13.15625 0.15963665802140667 0.0998992974144391
1505400.0 12.902777777777779 13.166666666666666 13.15625 0.15947733124558555 0.09984957289275577
1506000.0 12.909722222222221 13.177083333333334 13.15625 0.15931800446976446 0.09979984837107243
1506600.0 12.916666666666666 13.1875 13.15625 0.15915867769394335 0.0997501238493891
1507200.0 12.944444444444445 13.197916666666666 13.15625 0.15902211188609666 0.09970039932770576
1507800.0 12.972222222222221 13.208333333333334 13.15625 0.15888554607825 0.09965067480602244
1508400.0 13.0 13.21875 13.15625 0.15874898027040332 0.0996009502843391
1509000.0 13.01388888888889 13.21875 13.15625 0.15861241446255667 0.09955122576265577
1509600.0 13.027777777777777 13.21875 13.15625 0.15847584865470998 0.09950150124097244
1510200.0 13.041666666666666 13.21875 13.15625 0.15833928284686333 0.0994517767192891
1510800.0 13.0625 13.229166666666666 13.15625 0.15824823897496554 0.0994517767192891
1511400.0 13.083333333333332 13.239583333333334 13.15625 0.15815719510306778 0.0994517767192891
1512000.0 13.104166666666666 13.25 13.15625 0.15806615123117 0.0994517767192891
1512600.0 13.131944444444445 13.270833333333334 13.15625 0.15790682445534887 0.09935232767592243
1513200.0 13.159722222222221 13.291666666666666 13.15625 0.15774749767952778 0.09925287863255577
1513800.0 13.1875 13.3125 13.15625 0.15758817090370666 0.0991534295891891
1514400.0 13.20138888888889 13.3125 13.166666666666666 0.15745160509586 0.0991534295891891
1515000.0 13.215277777777777 13.3125 13.177083333333334 0.15731503928801333 0.0991534295891891
1515600.0 13.229166666666666 13.3125 13.1875 0.15717847348016667 0.0991534295891891
1516200.0 13.256944444444445 13.3125 13.1875 0.15701914670434555 0.09905398054582243
1516800.0 13.284722222222221 13.3125 13.1875 0.15685981992852444 0.09895453150245577
1517400.0 13.3125 13.3125 13.1875 0.15670049315270332 0.0988550824590891
1518000.0 13.319444444444445 13.333333333333334 13.1875 0.15656392734485666 0.0988550824590891
1518600.0 13.32638888888889 13.354166666666666 13.1875 0.15642736153701 0.0988550824590891
1519200.0 13.333333333333334 13.375 13.1875 0.15629079572916335 0.0988550824590891
1519800.0 13.347222222222223 13.385416666666666 13.1875 0.15622251282524002 0.09875563341572244
1520400.0 13.36111111111111 13.395833333333334 13.1875 0.15615422992131667 0.09865618437235577
1521000.0 13.375 13.40625 13.1875 0.15608594701739334 0.0985567353289891
1521600.0 13.38888888888889 13.40625 13.1875 0.15597214217752112 0.0985567353289891
1522200.0 13.402777777777777 13.40625 13.1875 0.1558583373376489 0.0985567353289891
1522800.0 13.416666666666666 13.40625 13.1875 0.15574453249777667 0.0985567353289891
1523400.0 13.4375 13.427083333333334 13.1875 0.15565348862587888 0.0985567353289891
1524000.0 13.458333333333332 13.447916666666666 13.1875 0.15556244475398112 0.0985567353289891
1524600.0 13.479166666666666 13.46875 13.1875 0.15547140088208333 0.0985567353289891
1525200.0 13.479166666666666 13.46875 13.1875 0.15538035701018554 0.09850701080730577
1525800.0 13.479166666666666 13.46875 13.1875 0.15528931313828778 0.09845728628562243
1526400.0 13.479166666666666 13.46875 13.1875 0.15519826926639 0.0984075617639391
1527000.0 13.48611111111111 13.479166666666666 13.1875 0.15510722539449223 0.0984075617639391
1527600.0 13.493055555555555 13.489583333333334 13.1875 0.15501618152259444 0.0984075617639391
1528200.0 13.5 13.5 13.1875 0.15492513765069668 0.0984075617639391
1528800.0 13.5 13.5 13.1875 0.15485685474677335 0.09835783724225576
1529400.0 13.5 13.5 13.1875 0.15478857184285 0.09830811272057244
1530000.0 13.5 13.5 13.1875 0.15472028893892667 0.0982583881988891
1530600.0 13.5 13.5 13.197916666666666 0.1546975279709522 0.0982583881988891
1531200.0 13.5 13.5 13.208333333333334 0.15467476700297778 0.0982583881988891
1531800.0 13.5 13.5 13.21875 0.15465200603500331 0.0982583881988891
1532400.0 13.493055555555555 13.510416666666666 13.21875 0.15462924506702888 0.09830811272057244
1533000.0 13.48611111111111 13.520833333333334 13.21875 0.15460648409905445 0.09835783724225576
1533600.0 13.479166666666666 13.53125 13.21875 0.15458372313108001 0.0984075617639391
1534200.0 13.458333333333332 13.53125 13.21875 0.15458372313108001 0.0984075617639391
1534800.0 13.4375 13.53125 13.21875 0.15458372313108001 0.0984075617639391
1535400.0 13.416666666666666 13.53125 13.21875 0.15458372313108001 0.0984075617639391
1536000.0 13.416666666666666 13.520833333333334 13.21875 0.15458372313108001 0.0984075617639391
1536600.0 13.416666666666666 13.510416666666666 13.21875 0.15458372313108001 0.0984075617639391
1537200.0 13.416666666666666 13.5 13.21875 0.15458372313108001 0.0984075617639391
1537800.0 13.395833333333332 13.5 13.21875 0.15460648409905445 0.0984075617639391
1538400.0 13.375 13.5 13.21875 0.15462924506702888 0.0984075617639391
1539000.0 13.354166666666666 13.5 13.21875 0.15465200603500331 0.0984075617639391
1539600.0 13.340277777777777 13.489583333333334 13.21875 0.15467476700297778 0.0984075617639391
1540200.0 13.32638888888889 13.479166666666666 13.21875 0.1546975279709522 0.0984075617639391
1540800.0 13.3125 13.46875 13.21875 0.15472028893892667 0.0984075617639391
1541400.0 13.29861111111111 13.458333333333334 13.229166666666666 0.15472028893892667 0.0984075617639391
1542000.0 13.284722222222223 13.447916666666666 13.239583333333334 0.15472028893892667 0.0984075617639391
1542600.0 13.270833333333334 13.4375 13.25 0.15472028893892667 0.0984075617639391
1543200.0 13.256944444444445 13.4375 13.25 0.1547430499069011 0.0984075617639391
1543800.0 13.243055555555555 13.4375 13.25 0.15476581087487556 0.0984075617639391
1544400.0 13.229166666666666 13.4375 13.25 0.15478857184285 0.0984075617639391
1545000.0 13.215277777777777 13.4375 13.25 0.1548340937787989 0.0984075617639391
1545600.0 13.20138888888889 13.4375 13.25 0.1548796157147478 0.0984075617639391
1546200.0 13.1875 13.4375 13.25 0.15492513765069668 0.0984075617639391
1546800.0 13.166666666666666 13.427083333333334 13.25 0.15497065958664558 0.0984075617639391
1547400.0 13.145833333333334 13.416666666666666 13.25 0.15501618152259444 0.0984075617639391
1548000.0 13.125 13.40625 13.25 0.15506170345854334 0.0984075617639391
1548600.0 13.104166666666666 13.395833333333334 13.25 0.15510722539449223 0.0984075617639391
1549200.0 13.083333333333334 13.385416666666666 13.25 0.1551527473304411 0.0984075617639391
1549800.0 13.0625 13.375 13.25 0.15519826926639 0.0984075617639391
1550400.0 13.055555555555555 13.375 13.25 0.1552437912023389 0.0984075617639391
1551000.0 13.04861111111111 13.375 13.25 0.15528931313828775 0.0984075617639391
1551600.0 13.041666666666666 13.375 13.25 0.15533483507423665 0.0984075617639391
1552200.0 13.027777777777777 13.375 13.25 0.1553575960422111 0.0984075617639391
1552800.0 13.01388888888889 13.375 13.25 0.15538035701018554 0.0984075617639391
1553400.0 13.0 13.375 13.25 0.15540311797816 0.0984075617639391
1554000.0 12.979166666666666 13.354166666666666 13.25 0.1554486399141089 0.0984075617639391
1554600.0 12.958333333333334 13.333333333333334 13.25 0.15549416185005777 0.0984075617639391
1555200.0 12.9375 13.3125 13.25 0.15553968378600666 0.0984075617639391
1555800.0 12.930555555555555 13.302083333333334 13.25 0.15556244475398112 0.0984075617639391
1556400.0 12.92361111111111 13.291666666666666 13.25 0.15558520572195556 0.0984075617639391
1557000.0 12.916666666666666 13.28125 13.25 0.15560796668993002 0.0984075617639391
1557600.0 12.916666666666666 13.270833333333334 13.239583333333334 0.1556534886258789 0.0984075617639391
1558200.0 12.916666666666666 13.260416666666666 13.229166666666666 0.15569901056182778 0.0984075617639391
1558800.0 12.916666666666666 13.25 13.21875 0.15574453249777667 0.0984075617639391
1559400.0 12.902777777777777 13.25 13.208333333333334 0.1557672934657511 0.0984075617639391
1560000.0 12.88888888888889 13.25 13.197916666666666 0.15579005443372557 0.0984075617639391
1560600.0 12.875 13.25 13.1875 0.1558128154017 0.0984075617639391
1561200.0 12.875 13.25 13.197916666666666 0.1558128154017 0.09835783724225576
1561800.0 12.875 13.25 13.208333333333334 0.1558128154017 0.09830811272057244
1562400.0 12.875 13.25 13.21875 0.1558128154017 0.0982583881988891
1563000.0 12.868055555555555 13.25 13.208333333333334 0.1558128154017 0.0982583881988891
1563600.0 12.86111111111111 13.25 13.197916666666666 0.1558128154017 0.0982583881988891
1564200.0 12.854166666666666 13.25 13.1875 0.1558128154017 0.0982583881988891
1564800.0 12.847222222222221 13.25 13.1875 0.1558128154017 0.0982583881988891
1565400.0 12.840277777777779 13.25 13.1875 0.1558128154017 0.0982583881988891
1566000.0 12.833333333333334 13.25 13.1875 0.1558128154017 0.0982583881988891
1566600.0 12.833333333333334 13.25 13.1875 0.15583557636967443 0.0982583881988891
1567200.0 12.833333333333334 13.25 13.1875 0.1558583373376489 0.0982583881988891
1567800.0 12.833333333333334 13.25 13.1875 0.15588109830562333 0.0982583881988891
1568400.0 12.833333333333334 13.239583333333334 13.1875 0.1559038592735978 0.0982583881988891
1569000.0 12.833333333333334 13.229166666666666 13.1875 0.15592662024157222 0.0982583881988891
1569600.0 12.833333333333334 13.21875 13.1875 0.15594938120954668 0.0982583881988891
1570200.0 12.82638888888889 13.21875 13.1875 0.15597214217752112 0.0982583881988891
1570800.0 12.819444444444445 13.21875 13.1875 0.15599490314549555 0.0982583881988891
1571400.0 12.8125 13.21875 13.1875 0.15601766411346998 0.0982583881988891
1572000.0 12.8125 13.21875 13.1875 0.15604042508144444 0.0982583881988891
1572600.0 12.8125 13.21875 13.1875 0.15606318604941888 0.0982583881988891
1573200.0 12.8125 13.21875 13.1875 0.15608594701739334 0.0982583881988891
1573800.0 12.8125 13.21875 13.1875 0.15608594701739334 0.0982583881988891
1574400.0 12.8125 13.21875 13.1875 0.15608594701739334 0.0982583881988891
1575000.0 12.8125 13.21875 13.1875 0.15608594701739334 0.0982583881988891
1575600.0 12.79861111111111 13.208333333333334 13.1875 0.15615422992131667 0.0982583881988891
1576200.0 12.784722222222223 13.197916666666666 13.1875 0.15622251282524002 0.0982583881988891
1576800.0 12.770833333333334 13.1875 13.1875 0.15629079572916335 0.0982583881988891
1577400.0 12.770833333333334 13.177083333333334 13.1875 0.15629079572916335 0.0982583881988891
1578000.0 12.770833333333334 13.166666666666666 13.1875 0.15629079572916335 0.0982583881988891
1578600.0 12.770833333333334 13.15625 13.1875 0.15629079572916335 0.0982583881988891
1579200.0 12.770833333333334 13.15625 13.1875 0.15631355669713778 0.0982583881988891
1579800.0 12.770833333333334 13.15625 13.1875 0.15633631766511222 0.0982583881988891
1580400.0 12.770833333333334 13.15625 13.1875 0.15635907863308665 0.0982583881988891
1581000.0 12.770833333333334 13.15625 13.1875 0.15635907863308665 0.0982583881988891
1581600.0 12.770833333333334 13.15625 13.1875 0.15635907863308665 0.0982583881988891
1582200.0 12.770833333333334 13.15625 13.1875 0.15635907863308665 0.0982583881988891
1582800.0 12.770833333333334 13.15625 13.177083333333334 0.15635907863308665 0.0982583881988891
1583400.0 12.770833333333334 13.15625 13.166666666666666 0.15635907863308665 0.0982583881988891
1584000.0 12.770833333333334 13.15625 13.15625 0.15635907863308665 0.0982583881988891
1584600.0 12.770833333333334 13.145833333333334 13.15625 0.1563818396010611 0.0982583881988891
1585200.0 12.770833333333334 13.135416666666666 13.15625 0.15640460056903555 0.0982583881988891
1585800.0 12.770833333333334 13.125 13.15625 0.15642736153701 0.0982583881988891
1586400.0 12.777777777777779 13.125 13.15625 0.15645012250498444 0.0982583881988891
1587000.0 12.784722222222221 13.125 13.15625 0.1564728834729589 0.0982583881988891
1587600.0 12.791666666666666 13.125 13.15625 0.15649564444093333 0.0982583881988891
1588200.0 12.791666666666666 13.125 13.15625 0.15649564444093333 0.09820866367720577
1588800.0 12.791666666666666 13.125 13.15625 0.15649564444093333 0.09815893915552244
1589400.0 12.791666666666666 13.125 13.15625 0.15649564444093333 0.0981092146338391
1590000.0 12.791666666666666 13.125 13.15625 0.15649564444093333 0.0981092146338391
1590600.0 12.791666666666666 13.125 13.15625 0.15649564444093333 0.0981092146338391
1591200.0 12.791666666666666 13.125 13.15625 0.15649564444093333 0.0981092146338391
1591800.0 12.805555555555555 13.135416666666666 13.15625 0.15649564444093333 0.0981092146338391
1592400.0 12.819444444444445 13.145833333333334 13.15625 0.15649564444093333 0.0981092146338391
1593000.0 12.833333333333334 13.15625 13.15625 0.15649564444093333 0.0981092146338391
1593600.0 12.854166666666668 13.15625 13.15625 0.15645012250498444 0.0981092146338391
1594200.0 12.875 13.15625 13.15625 0.15640460056903555 0.0981092146338391
1594800.0 12.895833333333334 13.15625 13.15625 0.15635907863308665 0.0981092146338391
1595400.0 12.902777777777779 13.166666666666666 13.15625 0.15629079572916332 0.0981092146338391
1596000.0 12.909722222222221 13.177083333333334 13.15625 0.15622251282524 0.0981092146338391
1596600.0 12.916666666666666 13.1875 13.15625 0.15615422992131667 0.0981092146338391
1597200.0 12.944444444444445 13.197916666666666 13.15625 0.15608594701739334 0.0981092146338391
1597800.0 12.972222222222221 13.208333333333334 13.15625 0.15601766411347 0.0981092146338391
1598400.0 13.0 13.21875 13.15625 0.15594938120954668 0.0981092146338391
1599000.0 13.020833333333334 13.21875 13.15625 0.15588109830562336 0.09805949011215577
1599600.0 13.041666666666666 13.21875 13.15625 0.1558128154017 0.09800976559047243
1600200.0 13.0625 13.21875 13.15625 0.15574453249777667 0.0979600410687891
1600800.0 13.083333333333334 13.229166666666666 13.15625 0.15569901056182778 0.0979600410687891
1601400.0 13.104166666666666 13.239583333333334 13.15625 0.1556534886258789 0.0979600410687891
1602000.0 13.125 13.25 13.15625 0.15560796668993002 0.0979600410687891
1602600.0 13.152777777777779 13.270833333333334 13.15625 0.1554941618500578 0.09791031654710576
1603200.0 13.180555555555555 13.291666666666666 13.15625 0.15538035701018557 0.09786059202542244
1603800.0 13.208333333333334 13.3125 13.15625 0.15526655217031335 0.0978108675037391
1604400.0 13.229166666666668 13.3125 13.15625 0.15517550829841556 0.0978108675037391
1605000.0 13.25 13.3125 13.15625 0.15508446442651777 0.0978108675037391
1605600.0 13.270833333333334 13.3125 13.15625 0.15499342055461998 0.0978108675037391
1606200.0 13.291666666666668 13.322916666666666 13.15625 0.1549478986186711 0.0978108675037391
1606800.0 13.3125 13.333333333333334 13.15625 0.15490237668272222 0.0978108675037391
1607400.0 13.333333333333334 13.34375 13.15625 0.15485685474677333 0.0978108675037391
1608000.0 13.347222222222223 13.354166666666666 13.166666666666666 0.15478857184285 0.0978108675037391
1608600.0 13.36111111111111 13.364583333333334 13.177083333333334 0.15472028893892664 0.0978108675037391
1609200.0 13.375 13.375 13.1875 0.15465200603500331 0.0978108675037391
1609800.0 13.402777777777779 13.385416666666666 13.1875 0.15458372313108 0.09776114298205577
1610400.0 13.430555555555555 13.395833333333334 13.1875 0.15451544022715666 0.09771141846037244
1611000.0 13.458333333333334 13.40625 13.1875 0.15444715732323333 0.0976616939386891
1611600.0 13.472222222222223 13.427083333333334 13.1875 0.15437887441931 0.0976616939386891
1612200.0 13.48611111111111 13.447916666666666 13.1875 0.15431059151538667 0.0976616939386891
1612800.0 13.5 13.46875 13.1875 0.15424230861146335 0.0976616939386891
1613400.0 13.5 13.479166666666666 13.1875 0.15419678667551445 0.0976616939386891
1614000.0 13.5 13.489583333333334 13.1875 0.15415126473956556 0.0976616939386891
1614600.0 13.5 13.5 13.1875 0.15410574280361666 0.0976616939386891
1615200.0 13.51388888888889 13.5 13.1875 0.15403745989969334 0.0976616939386891
1615800.0 13.527777777777777 13.5 13.1875 0.15396917699577 0.0976616939386891
1616400.0 13.541666666666666 13.5 13.1875 0.15390089409184668 0.0976616939386891
1617000.0 13.54861111111111 13.5 13.1875 0.15387813312387222 0.0976616939386891
1617600.0 13.555555555555555 13.5 13.1875 0.15385537215589778 0.0976616939386891
1618200.0 13.5625 13.5 13.1875 0.15383261118792332 0.0976616939386891
1618800.0 13.5625 13.5 13.1875 0.15378708925197443 0.0976616939386891
1619400.0 13.5625 13.5 13.1875 0.15374156731602556 0.0976616939386891
1620000.0 13.5625 13.5 13.1875 0.15369604538007667 0.0976616939386891
1620600.0 13.5625 13.510416666666666 13.197916666666666 0.15369604538007667 0.0976616939386891
1621200.0 13.5625 13.520833333333334 13.208333333333334 0.15369604538007667 0.0976616939386891
1621800.0 13.5625 13.53125 13.21875 0.15369604538007667 0.0976616939386891
1622400.0 13.54861111111111 13.53125 13.21875 0.1537188063480511 0.0976616939386891
1623000.0 13.534722222222223 13.53125 13.21875 0.15374156731602556 0.0976616939386891
1623600.0 13.520833333333334 13.53125 13.21875 0.153764328284 0.0976616939386891
1624200.0 13.520833333333334 13.53125 13.21875 0.15374156731602556 0.0976616939386891
1624800.0 13.520833333333334 13.53125 13.21875 0.1537188063480511 0.0976616939386891
1625400.0 13.520833333333334 13.53125 13.21875 0.15369604538007667 0.0976616939386891
1626000.0 13.520833333333334 13.541666666666666 13.229166666666666 0.1537188063480511 0.0976616939386891
1626600.0 13.520833333333334 13.552083333333334 13.239583333333334 0.15374156731602556 0.0976616939386891
1627200.0 13.520833333333334 13.5625 13.25 0.153764328284 0.0976616939386891
1627800.0 13.520833333333334 13.5625 13.25 0.153764328284 0.09771141846037244
1628400.0 13.520833333333334 13.5625 13.25 0.153764328284 0.09776114298205577
1629000.0 13.520833333333334 13.5625 13.25 0.153764328284 0.0978108675037391
1629600.0 13.5 13.5625 13.25 0.153764328284 0.09776114298205577
1630200.0 13.479166666666668 13.5625 13.25 0.153764328284 0.09771141846037244
1630800.0 13.458333333333334 13.5625 13.25 0.153764328284 0.0976616939386891
1631400.0 13.444444444444445 13.5625 13.260416666666666 0.1538098502199489 0.0976616939386891
1632000.0 13.430555555555555 13.5625 13.270833333333334 0.15385537215589778 0.0976616939386891
1632600.0 13.416666666666666 13.5625 13.28125 0.15390089409184668 0.0976616939386891
1633200.0 13.416666666666666 13.5625 13.270833333333334 0.15387813312387222 0.0976616939386891
1633800.0 13.416666666666666 13.5625 13.260416666666666 0.15385537215589778 0.0976616939386891
1634400.0 13.416666666666666 13.5625 13.25 0.15383261118792332 0.0976616939386891
1635000.0 13.416666666666666 13.552083333333334 13.260416666666666 0.15387813312387222 0.0976616939386891
1635600.0 13.416666666666666 13.541666666666666 13.270833333333334 0.15392365505982109 0.0976616939386891
1636200.0 13.416666666666666 13.53125 13.28125 0.15396917699576998 0.0976616939386891
1636800.0 13.409722222222221 13.53125 13.28125 0.15396917699576998 0.0976616939386891
1637400.0 13.402777777777779 13.53125 13.28125 0.15396917699576998 0.0976616939386891
1638000.0 13.395833333333334 13.53125 13.28125 0.15396917699576998 0.0976616939386891
1638600.0 13.381944444444445 13.53125 13.28125 0.15399193796374444 0.0976616939386891
1639200.0 13.368055555555555 13.53125 13.28125 0.15401469893171887 0.0976616939386891
1639800.0 13.354166666666666 13.53125 13.28125 0.15403745989969334 0.0976616939386891
1640400.0 13.354166666666666 13.520833333333334 13.28125 0.15403745989969334 0.0976616939386891
1641000.0 13.354166666666666 13.510416666666666 13.28125 0.15403745989969334 0.0976616939386891
1641600.0 13.354166666666666 13.5 13.28125 0.15403745989969334 0.0976616939386891
1642200.0 13.340277777777777 13.5 13.28125 0.1540146989317189 0.0976616939386891
1642800.0 13.32638888888889 13.5 13.28125 0.15399193796374444 0.0976616939386891
1643400.0 13.3125 13.5 13.28125 0.15396917699577 0.0976616939386891
1644000.0 13.305555555555555 13.5 13.28125 0.15399193796374444 0.0976616939386891
1644600.0 13.29861111111111 13.5 13.28125 0.1540146989317189 0.0976616939386891
1645200.0 13.291666666666666 13.5 13.28125 0.15403745989969334 0.0976616939386891
1645800.0 13.291666666666666 13.489583333333334 13.28125 0.15403745989969334 0.0976616939386891
1646400.0 13.291666666666666 13.479166666666666 13.28125 0.15403745989969334 0.0976616939386891
1647000.0 13.291666666666666 13.46875 13.28125 0.15403745989969334 0.0976616939386891
1647600.0 13.277777777777777 13.46875 13.28125 0.15401469893171887 0.0976616939386891
1648200.0 13.26388888888889 13.46875 13.28125 0.15399193796374444 0.0976616939386891
1648800.0 13.25 13.46875 13.28125 0.15396917699576998 0.0976616939386891
1649400.0 13.25 13.458333333333334 13.28125 0.15399193796374444 0.09761196941700577
1650000.0 13.25 13.447916666666666 13.28125 0.15401469893171887 0.09756224489532243
1650600.0 13.25 13.4375 13.28125 0.15403745989969334 0.0975125203736391
1651200.0 13.243055555555555 13.4375 13.28125 0.15403745989969334 0.0975125203736391
1651800.0 13.23611111111111 13.4375 13.28125 0.15403745989969334 0.0975125203736391
1652400.0 13.229166666666666 13.4375 13.28125 0.15403745989969334 0.0975125203736391
1653000.0 13.229166666666666 13.4375 13.28125 0.15406022086766777 0.0975125203736391
1653600.0 13.229166666666666 13.4375 13.28125 0.15408298183564223 0.0975125203736391
1654200.0 13.229166666666666 13.4375 13.28125 0.15410574280361666 0.0975125203736391
1654800.0 13.215277777777777 13.4375 13.28125 0.15410574280361666 0.0975125203736391
1655400.0 13.20138888888889 13.4375 13.28125 0.15410574280361666 0.0975125203736391
1656000.0 13.1875 13.4375 13.28125 0.15410574280361666 0.0975125203736391
1656600.0 13.180555555555555 13.4375 13.28125 0.15410574280361666 0.0975125203736391
1657200.0 13.17361111111111 13.4375 13.28125 0.15410574280361666 0.0975125203736391
1657800.0 13.166666666666666 13.4375 13.28125 0.15410574280361666 0.0975125203736391
1658400.0 13.166666666666666 13.427083333333334 13.28125 0.15415126473956556 0.0975125203736391
1659000.0 13.166666666666666 13.416666666666666 13.28125 0.15419678667551445 0.0975125203736391
1659600.0 13.166666666666666 13.40625 13.28125 0.15424230861146335 0.0975125203736391
1660200.0 13.159722222222221 13.40625 13.28125 0.15428783054741224 0.0975125203736391
1660800.0 13.152777777777779 13.40625 13.28125 0.1543333524833611 0.0975125203736391
1661400.0 13.145833333333334 13.40625 13.28125 0.15437887441931 0.0975125203736391
1662000.0 13.13888888888889 13.40625 13.28125 0.15437887441931 0.0975125203736391
1662600.0 13.131944444444445 13.40625 13.28125 0.15437887441931 0.0975125203736391
1663200.0 13.125 13.40625 13.28125 0.15437887441931 0.0975125203736391
1663800.0 13.11111111111111 13.395833333333334 13.28125 0.15437887441931 0.0975125203736391
1664400.0 13.097222222222223 13.385416666666666 13.28125 0.15437887441931 0.0975125203736391
1665000.0 13.083333333333334 13.375 13.28125 0.15437887441931 0.0975125203736391
1665600.0 13.069444444444445 13.375 13.270833333333334 0.15440163538728444 0.0975125203736391
1666200.0 13.055555555555555 13.375 13.260416666666666 0.1544243963552589 0.0975125203736391
1666800.0 13.041666666666666 13.375 13.25 0.15444715732323333 0.0975125203736391
1667400.0 13.041666666666666 13.375 13.25 0.1544243963552589 0.0975125203736391
1668000.0 13.041666666666666 13.375 13.25 0.15440163538728444 0.0975125203736391
1668600.0 13.041666666666666 13.375 13.25 0.15437887441931 0.0975125203736391
1669200.0 13.041666666666666 13.375 13.25 0.15435611345133554 0.0975125203736391
1669800.0 13.041666666666666 13.375 13.25 0.1543333524833611 0.0975125203736391
1670400.0 13.041666666666666 13.375 13.25 0.15431059151538665 0.0975125203736391
1671000.0 13.041666666666666 13.375 13.25 0.15424230861146332 0.09746279585195576
1671600.0 13.041666666666666 13.375 13.25 0.15417402570754 0.09741307133027244
1672200.0 13.041666666666666 13.375 13.25 0.15410574280361666 0.0973633468085891
1672800.0 13.055555555555555 13.364583333333334 13.25 0.15399193796374444 0.0973633468085891
1673400.0 13.069444444444445 13.354166666666666 13.25 0.15387813312387222 0.0973633468085891
1674000.0 13.083333333333334 13.34375 13.25 0.153764328284 0.0973633468085891
1674600.0 13.090277777777779 13.34375 13.25 0.15367328441210223 0.09731362228690577
1675200.0 13.097222222222221 13.34375 13.25 0.15358224054020445 0.09726389776522244
1675800.0 13.104166666666666 13.34375 13.25 0.15349119666830668 0.0972141732435391
1676400.0 13.11111111111111 13.34375 13.25 0.15333186989248557 0.0972141732435391
1677000.0 13.118055555555555 13.34375 13.25 0.15317254311666445 0.0972141732435391
1677600.0 13.125 13.34375 13.25 0.15301321634084333 0.0972141732435391
1678200.0 13.131944444444445 13.34375 13.25 0.15287665053299668 0.09716444872185577
1678800.0 13.13888888888889 13.34375 13.25 0.15274008472515 0.09711472420017243
1679400.0 13.145833333333334 13.34375 13.25 0.15260351891730334 0.0970649996784891
1680000.0 13.159722222222223 13.354166666666666 13.25 0.15260351891730334 0.09701527515680576
1680600.0 13.17361111111111 13.364583333333334 13.25 0.1526035189173033 0.09696555063512244
1681200.0 13.1875 13.375 13.25 0.1526035189173033 0.0969158261134391
1681800.0 13.20138888888889 13.385416666666666 13.25 0.15242143117350776 0.09686610159175577
1682400.0 13.215277777777777 13.395833333333334 13.25 0.1522393434297122 0.09681637707007244
1683000.0 13.229166666666666 13.40625 13.25 0.15205725568591666 0.0967666525483891
1683600.0 13.23611111111111 13.416666666666666 13.25 0.15201173374996776 0.0967666525483891
1684200.0 13.243055555555555 13.427083333333334 13.25 0.1519662118140189 0.0967666525483891
1684800.0 13.25 13.4375 13.25 0.15192068987807 0.0967666525483891
1685400.0 13.256944444444445 13.4375 13.25 0.1517613631022489 0.09671692802670577
1686000.0 13.26388888888889 13.4375 13.25 0.1516020363264278 0.09666720350502243
1686600.0 13.270833333333334 13.4375 13.25 0.15144270955060668 0.0966174789833391
1687200.0 13.291666666666668 13.4375 13.239583333333334 0.15132890471073446 0.09656775446165576
1687800.0 13.3125 13.4375 13.229166666666666 0.1512150998708622 0.09651802993997244
1688400.0 13.333333333333334 13.4375 13.21875 0.15110129503098998 0.0964683054182891
1689000.0 13.340277777777779 13.4375 13.229166666666666 0.15098749019111776 0.09641858089660577
1689600.0 13.347222222222221 13.4375 13.239583333333334 0.15087368535124554 0.09636885637492244
1690200.0 13.354166666666666 13.4375 13.25 0.15075988051137332 0.0963191318532391
1690800.0 13.368055555555555 13.447916666666666 13.25 0.15069159760745 0.0963191318532391
1691400.0 13.381944444444445 13.458333333333334 13.25 0.15062331470352666 0.0963191318532391
1692000.0 13.395833333333334 13.46875 13.25 0.15055503179960333 0.0963191318532391
1692600.0 13.402777777777779 13.46875 13.260416666666666 0.15050950986365444 0.09626940733155577
1693200.0 13.409722222222221 13.46875 13.270833333333334 0.15046398792770557 0.09621968280987243
1693800.0 13.416666666666666 13.46875 13.28125 0.15041846599175668 0.0961699582881891
1694400.0 13.42361111111111 13.479166666666666 13.28125 0.15039570502378224 0.0961699582881891
1695000.0 13.430555555555555 13.489583333333334 13.28125 0.15037294405580778 0.0961699582881891
1695600.0 13.4375 13.5 13.28125 0.15035018308783335 0.0961699582881891
1696200.0 13.430555555555555 13.510416666666666 13.28125 0.1503274221198589 0.0961699582881891
1696800.0 13.42361111111111 13.520833333333334 13.28125 0.15030466115188446 0.0961699582881891
1697400.0 13.416666666666666 13.53125 13.28125 0.15028190018391 0.0961699582881891
1698000.0 13.42361111111111 13.53125 13.28125 0.1502363782479611 0.0961699582881891
1698600.0 13.430555555555555 13.53125 13.28125 0.15019085631201223 0.0961699582881891
1699200.0 13.4375 13.53125 13.28125 0.15014533437606334 0.0961699582881891
1699800.0 13.430555555555555 13.53125 13.28125 0.15005429050416555 0.0961699582881891
1700400.0 13.42361111111111 13.53125 13.28125 0.1499632466322678 0.0961699582881891
1701000.0 13.416666666666666 13.53125 13.28125 0.14987220276037 0.0961699582881891
1701600.0 13.409722222222221 13.53125 13.28125 0.14987220276037 0.0961699582881891
1702200.0 13.402777777777779 13.53125 13.28125 0.14987220276037 0.0961699582881891
1702800.0 13.395833333333334 13.53125 13.28125 0.14987220276037 0.0961699582881891
1703400.0 13.38888888888889 13.53125 13.28125 0.14994048566429333 0.0961699582881891
1704000.0 13.381944444444445 13.53125 13.28125 0.15000876856821668 0.0961699582881891
1704600.0 13.375 13.53125 13.28125 0.15007705147214 0.0961699582881891
1705200.0 13.36111111111111 13.520833333333334 13.291666666666666 0.15009981244011444 0.0961699582881891
1705800.0 13.347222222222223 13.510416666666666 13.302083333333334 0.1501225734080889 0.0961699582881891
1706400.0 13.333333333333334 13.5 13.3125 0.15014533437606334 0.0961699582881891
1707000.0 13.305555555555555 13.489583333333334 13.3125 0.15021361727998667 0.0961699582881891
1707600.0 13.277777777777779 13.479166666666666 13.3125 0.15028190018391 0.0961699582881891
1708200.0 13.25 13.46875 13.3125 0.15035018308783332 0.0961699582881891
1708800.0 13.23611111111111 13.46875 13.3125 0.15041846599175665 0.0961699582881891
1709400.0 13.222222222222223 13.46875 13.3125 0.15048674889568 0.0961699582881891
1710000.0 13.208333333333334 13.46875 13.3125 0.15055503179960333 0.0961699582881891
1710600.0 13.194444444444445 13.458333333333334 13.3125 0.15062331470352666 0.0961699582881891
1711200.0 13.180555555555555 13.447916666666666 13.3125 0.15069159760745002 0.0961699582881891
1711800.0 13.166666666666666 13.4375 13.3125 0.15075988051137335 0.0961699582881891
1712400.0 13.13888888888889 13.427083333333334 13.3125 0.15080540244732224 0.0961699582881891
1713000.0 13.11111111111111 13.416666666666666 13.3125 0.1508509243832711 0.0961699582881891
1713600.0 13.083333333333334 13.40625 13.3125 0.15089644631922 0.0961699582881891
1714200.0 13.069444444444445 13.395833333333334 13.3125 0.1509419682551689 0.0961699582881891
1714800.0 13.055555555555555 13.385416666666666 13.3125 0.15098749019111776 0.0961699582881891
1715400.0 13.041666666666666 13.375 13.3125 0.15103301212706666 0.0961699582881891
1716000.0 13.027777777777777 13.375 13.3125 0.15103301212706666 0.0961699582881891
1716600.0 13.01388888888889 13.375 13.3125 0.15103301212706666 0.0961699582881891
1717200.0 13.0 13.375 13.3125 0.15103301212706666 0.0961699582881891
1717800.0 12.979166666666666 13.375 13.302083333333334 0.15112405599896445 0.0961699582881891
1718400.0 12.958333333333334 13.375 13.291666666666666 0.1512150998708622 0.0961699582881891
1719000.0 12.9375 13.375 13.28125 0.15130614374276 0.0961699582881891
1719600.0 12.916666666666666 13.364583333333334 13.28125 0.1513516656787089 0.0961699582881891
1720200.0 12.895833333333334 13.354166666666666 13.28125 0.15139718761465776 0.0961699582881891
1720800.0 12.875 13.34375 13.28125 0.15144270955060665 0.0961699582881891
1721400.0 12.86111111111111 13.322916666666666 13.270833333333334 0.15151099245452998 0.0961699582881891
1722000.0 12.847222222222223 13.302083333333334 13.260416666666666 0.15157927535845334 0.0961699582881891
1722600.0 12.833333333333334 13.28125 13.25 0.15164755826237666 0.0961699582881891
1723200.0 12.819444444444445 13.270833333333334 13.25 0.15167031923035112 0.0961699582881891
1723800.0 12.805555555555555 13.260416666666666 13.25 0.15169308019832556 0.0961699582881891
1724400.0 12.791666666666666 13.25 13.25 0.15171584116630002 0.0961699582881891
1725000.0 12.777777777777777 13.239583333333334 13.239583333333334 0.15176136310224891 0.0961699582881891
1725600.0 12.76388888888889 13.229166666666666 13.229166666666666 0.15180688503819778 0.0961699582881891
1726200.0 12.75 13.21875 13.21875 0.15185240697414668 0.0961699582881891
1726800.0 12.722222222222221 13.208333333333334 13.21875 0.15189792891009557 0.0961699582881891
1727400.0 12.694444444444445 13.197916666666666 13.21875 0.15194345084604444 0.0961699582881891
1728000.0 12.666666666666666 13.1875 13.21875 0.15198897278199333 0.0961699582881891
1728600.0 12.666666666666666 13.1875 13.21875 0.15205725568591666 0.0961699582881891
1729200.0 12.666666666666666 13.1875 13.21875 0.15212553858984001 0.0961699582881891
1729800.0 12.666666666666666 13.1875 13.21875 0.15219382149376334 0.0961699582881891
1730400.0 12.631944444444445 13.1875 13.21875 0.15221658246173778 0.0961699582881891
1731000.0 12.597222222222221 13.1875 13.21875 0.15223934342971224 0.0961699582881891
1731600.0 12.5625 13.1875 13.21875 0.15226210439768667 0.0961699582881891
1732200.0 12.555555555555555 13.166666666666666 13.208333333333334 0.1522848653656611 0.0961699582881891
1732800.0 12.54861111111111 13.145833333333334 13.197916666666666 0.15230762633363557 0.0961699582881891
1733400.0 12.541666666666666 13.125 13.1875 0.15233038730161 0.0961699582881891
1734000.0 12.541666666666666 13.104166666666666 13.1875 0.1523759092375589 0.0961699582881891
1734600.0 12.541666666666666 13.083333333333334 13.1875 0.15242143117350776 0.0961699582881891
1735200.0 12.541666666666666 13.0625 13.1875 0.15246695310945665 0.0961699582881891
1735800.0 12.527777777777777 13.0625 13.1875 0.15246695310945665 0.0961699582881891
1736400.0 12.51388888888889 13.0625 13.1875 0.15246695310945665 0.0961699582881891
1737000.0 12.5 13.0625 13.1875 0.15246695310945665 0.0961699582881891
1737600.0 12.48611111111111 13.0625 13.1875 0.15246695310945665 0.0961699582881891
1738200.0 12.472222222222223 13.0625 13.1875 0.15246695310945665 0.0961699582881891
1738800.0 12.458333333333334 13.0625 13.1875 0.15246695310945665 0.0961699582881891
1739400.0 12.45138888888889 13.0625 13.177083333333334 0.15248971407743112 0.0961699582881891
1740000.0 12.444444444444445 13.0625 13.166666666666666 0.15251247504540555 0.0961699582881891
1740600.0 12.4375 13.0625 13.15625 0.15253523601338 0.0961699582881891
1741200.0 12.430555555555555 13.052083333333334 13.15625 0.15253523601338 0.09612023376650576
1741800.0 12.42361111111111 13.041666666666666 13.15625 0.15253523601338 0.09607050924482244
1742400.0 12.416666666666666 13.03125 13.15625 0.15253523601338 0.0960207847231391
1743000.0 12.409722222222221 13.020833333333334 13.145833333333334 0.15255799698135444 0.0960207847231391
1743600.0 12.402777777777779 13.010416666666666 13.135416666666666 0.15258075794932888 0.0960207847231391
1744200.0 12.395833333333334 13.0 13.125 0.1526035189173033 0.0960207847231391
1744800.0 12.38888888888889 12.989583333333334 13.125 0.15262627988527777 0.0960207847231391
1745400.0 12.381944444444445 12.979166666666666 13.125 0.1526490408532522 0.0960207847231391
1746000.0 12.375 12.96875 13.125 0.15267180182122667 0.0960207847231391
1746600.0 12.368055555555555 12.958333333333334 13.125 0.15267180182122667 0.0960207847231391
1747200.0 12.36111111111111 12.947916666666666 13.125 0.15267180182122667 0.0960207847231391
1747800.0 12.354166666666666 12.9375 13.125 0.15267180182122667 0.0960207847231391
1748400.0 12.347222222222221 12.9375 13.114583333333334 0.1526945627892011 0.0960207847231391
1749000.0 12.340277777777779 12.9375 13.104166666666666 0.15271732375717556 0.0960207847231391
1749600.0 12.333333333333334 12.9375 13.09375 0.15274008472515 0.0960207847231391
1750200.0 12.32638888888889 12.9375 13.09375 0.15276284569312443 0.0960207847231391
1750800.0 12.319444444444445 12.9375 13.09375 0.1527856066610989 0.0960207847231391
1751400.0 12.3125 12.9375 13.09375 0.15280836762907332 0.0960207847231391
1752000.0 12.305555555555555 12.9375 13.09375 0.15283112859704778 0.0960207847231391
1752600.0 12.29861111111111 12.9375 13.09375 0.15285388956502222 0.0960207847231391
1753200.0 12.291666666666666 12.9375 13.09375 0.15287665053299668 0.0960207847231391
1753800.0 12.284722222222221 12.927083333333334 13.09375 0.15287665053299668 0.0960207847231391
1754400.0 12.277777777777779 12.916666666666666 13.09375 0.15287665053299668 0.0960207847231391
1755000.0 12.270833333333334 12.90625 13.09375 0.15287665053299668 0.0960207847231391
1755600.0 12.270833333333334 12.90625 13.083333333333334 0.15285388956502222 0.0960207847231391
1756200.0 12.270833333333334 12.90625 13.072916666666666 0.15283112859704778 0.0960207847231391
1756800.0 12.270833333333334 12.90625 13.0625 0.15280836762907332 0.0960207847231391
1757400.0 12.277777777777779 12.90625 13.052083333333334 0.15274008472515 0.09597106020145577
1758000.0 12.284722222222221 12.90625 13.041666666666666 0.15267180182122664 0.09592133567977244
1758600.0 12.291666666666666 12.90625 13.03125 0.1526035189173033 0.0958716111580891
1759200.0 12.291666666666666 12.90625 13.03125 0.15251247504540555 0.0958716111580891
1759800.0 12.291666666666666 12.90625 13.03125 0.15242143117350776 0.0958716111580891
1760400.0 12.291666666666666 12.90625 13.03125 0.15233038730161 0.0958716111580891
1761000.0 12.291666666666666 12.895833333333334 13.020833333333334 0.15226210439768667 0.0958716111580891
1761600.0 12.291666666666666 12.885416666666666 13.010416666666666 0.15219382149376331 0.0958716111580891
1762200.0 12.291666666666666 12.875 13.0 0.15212553858984 0.0958716111580891
1762800.0 12.29861111111111 12.875 13.0 0.15210277762186555 0.09582188663640577
1763400.0 12.305555555555555 12.875 13.0 0.1520800166538911 0.09577216211472243
1764000.0 12.3125 12.875 13.0 0.15205725568591666 0.0957224375930391
1764600.0 12.3125 12.875 13.0 0.15205725568591666 0.0957224375930391
1765200.0 12.3125 12.875 13.0 0.15205725568591666 0.0957224375930391
1765800.0 12.3125 12.875 13.0 0.15205725568591666 0.0957224375930391
1766400.0 12.3125 12.875 13.0 0.15194345084604444 0.0957224375930391
1767000.0 12.3125 12.875 13.0 0.15182964600617224 0.0957224375930391
1767600.0 12.3125 12.875 13.0 0.15171584116630002 0.0957224375930391
1768200.0 12.333333333333334 12.875 13.0 0.1516475582623767 0.09567271307135576
1768800.0 12.354166666666666 12.875 13.0 0.15157927535845334 0.09562298854967244
1769400.0 12.375 12.875 13.0 0.15151099245453 0.0955732640279891
1770000.0 12.375 12.875 13.0 0.15137442664668332 0.0955732640279891
1770600.0 12.375 12.875 13.0 0.15123786083883667 0.0955732640279891
1771200.0 12.375 12.875 13.0 0.15110129503098998 0.0955732640279891
1771800.0 12.381944444444445 12.885416666666666 13.0 0.15101025115909222 0.09552353950630577
1772400.0 12.38888888888889 12.895833333333334 13.0 0.15091920728719443 0.09547381498462244
1773000.0 12.395833333333334 12.90625 13.0 0.15082816341529667 0.0954240904629391
1773600.0 12.395833333333334 12.90625 13.0 0.15078264147934778 0.09537436594125577
1774200.0 12.395833333333334 12.90625 13.0 0.1507371195433989 0.09532464141957243
1774800.0 12.395833333333334 12.90625 13.0 0.15069159760745002 0.0952749168978891
1775400.0 12.402777777777779 12.90625 13.0 0.1505777927675778 0.0952749168978891
1776000.0 12.409722222222221 12.90625 13.0 0.15046398792770554 0.0952749168978891
1776600.0 12.416666666666666 12.90625 13.0 0.15035018308783332 0.0952749168978891
1777200.0 12.42361111111111 12.90625 13.0 0.15021361727998667 0.09522519237620576
1777800.0 12.430555555555555 12.90625 13.0 0.15007705147213998 0.09517546785452244
1778400.0 12.4375 12.90625 13.0 0.14994048566429333 0.0951257433328391
1779000.0 12.4375 12.90625 13.0 0.14984944179239557 0.09507601881115577
1779600.0 12.4375 12.90625 13.0 0.14975839792049778 0.09502629428947244
1780200.0 12.4375 12.90625 13.0 0.14966735404860002 0.0949765697677891
1780800.0 12.430555555555555 12.90625 13.0 0.1495990711446767 0.09492684524610577
1781400.0 12.42361111111111 12.90625 13.0 0.14953078824075333 0.09487712072442243
1782000.0 12.416666666666666 12.90625 13.0 0.14946250533683 0.0948273962027391
1782600.0 12.416666666666666 12.90625 13.0 0.1494169834008811 0.0948273962027391
1783200.0 12.416666666666666 12.90625 13.0 0.14937146146493221 0.0948273962027391
1783800.0 12.416666666666666 12.90625 13.0 0.14932593952898332 0.0948273962027391
1784400.0 12.416666666666666 12.90625 13.0 0.1493031785610089 0.09477767168105576
1785000.0 12.416666666666666 12.90625 13.0 0.14928041759303443 0.09472794715937244
1785600.0 12.416666666666666 12.90625 13.0 0.14925765662506 0.0946782226376891
1786200.0 12.402777777777777 12.90625 12.989583333333334 0.14923489565708556 0.0946782226376891
1786800.0 12.38888888888889 12.90625 12.979166666666666 0.1492121346891111 0.0946782226376891
1787400.0 12.375 12.90625 12.96875 0.14918937372113666 0.0946782226376891
1788000.0 12.368055555555555 12.90625 12.96875 0.1492121346891111 0.0946782226376891
1788600.0 12.36111111111111 12.90625 12.96875 0.14923489565708556 0.0946782226376891
1789200.0 12.354166666666666 12.90625 12.96875 0.14925765662506 0.0946782226376891
1789800.0 12.333333333333332 12.895833333333334 12.96875 0.14928041759303445 0.0946782226376891
1790400.0 12.3125 12.885416666666666 12.96875 0.1493031785610089 0.0946782226376891
1791000.0 12.291666666666666 12.875 12.96875 0.14932593952898335 0.0946782226376891
1791600.0 12.277777777777777 12.854166666666666 12.96875 0.14943974436885557 0.0946782226376891
1792200.0 12.26388888888889 12.833333333333334 12.96875 0.1495535492087278 0.0946782226376891
1792800.0 12.25 12.8125 12.96875 0.14966735404860002 0.0946782226376891
1793400.0 12.23611111111111 12.8125 12.96875 0.14973563695252334 0.0946782226376891
1794000.0 12.222222222222223 12.8125 12.96875 0.14980391985644667 0.0946782226376891
1794600.0 12.208333333333334 12.8125 12.96875 0.14987220276037 0.0946782226376891
1795200.0 12.194444444444445 12.8125 12.96875 0.14987220276037 0.0946782226376891
1795800.0 12.180555555555555 12.8125 12.96875 0.14987220276037 0.0946782226376891
1796400.0 12.166666666666666 12.8125 12.96875 0.14987220276037 0.0946782226376891
1797000.0 12.152777777777777 12.802083333333334 12.947916666666666 0.14987220276037 0.0946782226376891
1797600.0 12.13888888888889 12.791666666666666 12.927083333333334 0.14987220276037 0.0946782226376891
1798200.0 12.125 12.78125 12.90625 0.14987220276037 0.0946782226376891
1798800.0 12.104166666666666 12.770833333333334 12.90625 0.1499177246963189 0.09462849811600577
1799400.0 12.083333333333334 12.760416666666666 12.90625 0.14996324663226776 0.09457877359432243
1800000.0 12.0625 12.75 12.90625 0.15000876856821665 0.0945290490726391
1800600.0 12.055555555555555 12.75 12.90625 0.15005429050416555 0.0945290490726391
1801200.0 12.04861111111111 12.75 12.90625 0.15009981244011444 0.0945290490726391
1801800.0 12.041666666666666 12.75 12.90625 0.15014533437606334 0.0945290490726391
1802400.0 12.01388888888889 12.739583333333334 12.895833333333334 0.15014533437606334 0.0945290490726391
1803000.0 11.98611111111111 12.729166666666666 12.885416666666666 0.15014533437606334 0.0945290490726391
1803600.0 11.958333333333334 12.71875 12.875 0.15014533437606334 0.0945290490726391
1804200.0 11.944444444444445 12.708333333333334 12.875 0.15019085631201223 0.0945290490726391
1804800.0 11.930555555555555 12.697916666666666 12.875 0.1502363782479611 0.0945290490726391
1805400.0 11.916666666666666 12.6875 12.875 0.15028190018391 0.0945290490726391
1806000.0 11.902777777777777 12.666666666666666 12.875 0.15035018308783332 0.0945290490726391
1806600.0 11.88888888888889 12.645833333333334 12.875 0.15041846599175668 0.0945290490726391
1807200.0 11.875 12.625 12.875 0.15048674889568 0.0945290490726391
1807800.0 11.854166666666666 12.625 12.875 0.1505322708316289 0.0945290490726391
1808400.0 11.833333333333334 12.625 12.875 0.15057779276757777 0.0945290490726391
1809000.0 11.8125 12.625 12.875 0.15062331470352666 0.0945290490726391
1809600.0 11.784722222222221 12.614583333333334 12.875 0.1506460756715011 0.0945290490726391
1810200.0 11.756944444444445 12.604166666666666 12.875 0.15066883663947556 0.0945290490726391
1810800.0 11.729166666666666 12.59375 12.875 0.15069159760745 0.0945290490726391
1811400.0 11.722222222222221 12.583333333333334 12.875 0.15069159760745 0.09447932455095576
1812000.0 11.715277777777779 12.572916666666666 12.875 0.15069159760745 0.09442960002927243
1812600.0 11.708333333333334 12.5625 12.875 0.15069159760745 0.0943798755075891
1813200.0 11.67361111111111 12.552083333333334 12.875 0.15071435857542442 0.0943798755075891
1813800.0 11.63888888888889 12.541666666666666 12.875 0.15073711954339888 0.0943798755075891
1814400.0 11.604166666666666 12.53125 12.875 0.15075988051137332 0.0943798755075891
1815000.0 11.590277777777777 12.510416666666666 12.864583333333334 0.1508054024473222 0.0943798755075891
1815600.0 11.57638888888889 12.489583333333334 12.854166666666666 0.1508509243832711 0.0943798755075891
1816200.0 11.5625 12.46875 12.84375 0.15089644631922 0.0943798755075891
1816800.0 11.534722222222221 12.458333333333334 12.84375 0.1509419682551689 0.09433015098590576
1817400.0 11.506944444444445 12.447916666666666 12.84375 0.1509874901911178 0.09428042646422244
1818000.0 11.479166666666666 12.4375 12.84375 0.15103301212706668 0.0942307019425391
1818600.0 11.458333333333332 12.4375 12.822916666666666 0.15103301212706668 0.0942307019425391
1819200.0 11.4375 12.4375 12.802083333333334 0.15103301212706668 0.0942307019425391
1819800.0 11.416666666666666 12.4375 12.78125 0.15103301212706668 0.0942307019425391
1820400.0 11.38888888888889 12.40625 12.78125 0.15107853406301558 0.09428042646422244
1821000.0 11.36111111111111 12.375 12.78125 0.15112405599896445 0.09433015098590576
1821600.0 11.333333333333334 12.34375 12.78125 0.15116957793491334 0.0943798755075891
1822200.0 11.305555555555555 12.333333333333334 12.78125 0.15119233890288777 0.09433015098590576
1822800.0 11.277777777777779 12.322916666666666 12.78125 0.15121509987086224 0.09428042646422244
1823400.0 11.25 12.3125 12.78125 0.15123786083883667 0.0942307019425391
1824000.0 11.23611111111111 12.302083333333334 12.770833333333334 0.15128338277478556 0.09428042646422244
1824600.0 11.222222222222223 12.291666666666666 12.760416666666666 0.15132890471073443 0.09433015098590576
1825200.0 11.208333333333334 12.28125 12.75 0.15137442664668332 0.0943798755075891
1825800.0 11.166666666666668 12.270833333333334 12.739583333333334 0.15144270955060665 0.0943798755075891
1826400.0 11.125 12.260416666666666 12.729166666666666 0.15151099245453 0.0943798755075891
1827000.0 11.083333333333334 12.25 12.71875 0.15157927535845334 0.0943798755075891
1827600.0 11.069444444444445 12.229166666666666 12.708333333333334 0.15162479729440223 0.0943798755075891
1828200.0 11.055555555555555 12.208333333333334 12.697916666666666 0.1516703192303511 0.0943798755075891
1828800.0 11.041666666666666 12.1875 12.6875 0.1517158411663 0.0943798755075891
1829400.0 11.006944444444445 12.166666666666666 12.6875 0.15173860213427443 0.0943798755075891
1830000.0 10.972222222222221 12.145833333333334 12.6875 0.1517613631022489 0.0943798755075891
1830600.0 10.9375 12.125 12.6875 0.15178412407022332 0.0943798755075891
1831200.0 10.92361111111111 12.125 12.6875 0.15182964600617221 0.0943798755075891
1831800.0 10.909722222222223 12.125 12.6875 0.1518751679421211 0.0943798755075891
1832400.0 10.895833333333334 12.125 12.6875 0.15192068987807 0.0943798755075891
1833000.0 10.875 12.104166666666666 12.677083333333334 0.1519662118140189 0.0943798755075891
1833600.0 10.854166666666668 12.083333333333334 12.666666666666666 0.15201173374996776 0.0943798755075891
1834200.0 10.833333333333334 12.0625 12.65625 0.15205725568591666 0.0943798755075891
1834800.0 10.819444444444445 12.041666666666666 12.645833333333334 0.15212553858984 0.0943798755075891
1835400.0 10.805555555555555 12.020833333333334 12.635416666666666 0.15219382149376334 0.0943798755075891
1836000.0 10.791666666666666 12.0 12.625 0.15226210439768667 0.0943798755075891
1836600.0 10.770833333333332 11.989583333333334 12.604166666666666 0.15233038730161 0.0943798755075891
1837200.0 10.75 11.979166666666666 12.583333333333334 0.15239867020553333 0.0943798755075891
1837800.0 10.729166666666666 11.96875 12.5625 0.15246695310945665 0.0943798755075891
1838400.0 10.715277777777777 11.958333333333334 12.5625 0.15251247504540555 0.0943798755075891
1839000.0 10.70138888888889 11.947916666666666 12.5625 0.15255799698135442 0.0943798755075891
1839600.0 10.6875 11.9375 12.5625 0.1526035189173033 0.0943798755075891
1840200.0 10.680555555555555 11.927083333333334 12.5625 0.1526035189173033 0.09433015098590576
1840800.0 10.67361111111111 11.916666666666666 12.5625 0.15260351891730334 0.09428042646422244
1841400.0 10.666666666666666 11.90625 12.5625 0.15260351891730334 0.0942307019425391
1842000.0 10.666666666666666 11.895833333333334 12.5625 0.15255799698135444 0.0942307019425391
1842600.0 10.666666666666666 11.885416666666666 12.5625 0.15251247504540555 0.0942307019425391
1843200.0 10.666666666666666 11.875 12.5625 0.15246695310945665 0.0942307019425391
1843800.0 10.67361111111111 11.875 12.5625 0.15248971407743112 0.0942307019425391
1844400.0 10.680555555555555 11.875 12.5625 0.15251247504540555 0.0942307019425391
1845000.0 10.6875 11.875 12.5625 0.15253523601338 0.0942307019425391
1845600.0 10.70138888888889 11.875 12.541666666666666 0.15248971407743112 0.0942307019425391
1846200.0 10.715277777777777 11.875 12.520833333333334 0.15244419214148222 0.0942307019425391
1846800.0 10.729166666666666 11.875 12.5 0.15239867020553333 0.0942307019425391
1847400.0 10.73611111111111 11.875 12.489583333333334 0.15235314826958443 0.09418097742085577
1848000.0 10.743055555555555 11.875 12.479166666666666 0.15230762633363557 0.09413125289917243
1848600.0 10.75 11.875 12.46875 0.15226210439768667 0.0940815283774891
1849200.0 10.770833333333334 11.875 12.458333333333334 0.15217106052578888 0.0940815283774891
1849800.0 10.791666666666666 11.875 12.447916666666666 0.15208001665389112 0.0940815283774891
1850400.0 10.8125 11.875 12.4375 0.15198897278199333 0.0940815283774891
1851000.0 10.82638888888889 11.875 12.4375 0.15189792891009554 0.09403180385580576
1851600.0 10.840277777777777 11.875 12.4375 0.15180688503819778 0.09398207933412243
1852200.0 10.854166666666666 11.875 12.4375 0.1517158411663 0.0939323548124391
1852800.0 10.868055555555555 11.875 12.4375 0.1516703192303511 0.0939323548124391
1853400.0 10.881944444444445 11.875 12.4375 0.15162479729440223 0.0939323548124391
1854000.0 10.895833333333334 11.875 12.4375 0.15157927535845334 0.0939323548124391
1854600.0 10.909722222222223 11.885416666666666 12.4375 0.15151099245453 0.09388263029075576
1855200.0 10.92361111111111 11.895833333333334 12.4375 0.15144270955060665 0.09383290576907244
1855800.0 10.9375 11.90625 12.4375 0.15137442664668332 0.0937831812473891
1856400.0 10.95138888888889 11.916666666666666 12.4375 0.15119233890288777 0.09373345672570577
1857000.0 10.965277777777777 11.927083333333334 12.4375 0.15101025115909222 0.09368373220402243
1857600.0 10.979166666666666 11.9375 12.4375 0.15082816341529667 0.0936340076823391
1858200.0 10.98611111111111 11.9375 12.4375 0.15073711954339888 0.0936340076823391
1858800.0 10.993055555555555 11.9375 12.4375 0.15064607567150112 0.0936340076823391
1859400.0 11.0 11.9375 12.4375 0.15055503179960333 0.0936340076823391
1860000.0 11.020833333333334 11.9375 12.4375 0.15041846599175668 0.09358428316065576
1860600.0 11.041666666666666 11.9375 12.4375 0.15028190018391 0.09353455863897243
1861200.0 11.0625 11.9375 12.4375 0.15014533437606334 0.0934848341172891
1861800.0 11.083333333333334 11.9375 12.4375 0.15003152953619112 0.09343510959560576
1862400.0 11.104166666666666 11.9375 12.4375 0.1499177246963189 0.09338538507392244
1863000.0 11.125 11.9375 12.4375 0.14980391985644667 0.0933356605522391
1863600.0 11.125 11.947916666666666 12.416666666666666 0.14973563695252334 0.09328593603055577
1864200.0 11.125 11.958333333333334 12.395833333333334 0.1496673540486 0.09323621150887243
1864800.0 11.125 11.96875 12.375 0.14959907114467666 0.0931864869871891
1865400.0 11.13888888888889 11.979166666666666 12.375 0.14953078824075333 0.0931864869871891
1866000.0 11.152777777777777 11.989583333333334 12.375 0.14946250533683 0.0931864869871891
1866600.0 11.166666666666666 12.0 12.375 0.14939422243290668 0.0931864869871891
1867200.0 11.180555555555555 12.0 12.375 0.14925765662506 0.09313676246550576
1867800.0 11.194444444444445 12.0 12.375 0.14912109081721334 0.09308703794382243
1868400.0 11.208333333333334 12.0 12.375 0.14898452500936665 0.0930373134221391
1869000.0 11.215277777777779 12.0 12.375 0.14891624210544332 0.0930373134221391
1869600.0 11.222222222222221 12.0 12.375 0.14884795920152 0.0930373134221391
1870200.0 11.229166666666666 12.0 12.375 0.14877967629759667 0.0930373134221391
1870800.0 11.229166666666666 12.0 12.375 0.14877967629759667 0.09298758890045576
1871400.0 11.229166666666666 12.0 12.375 0.14877967629759667 0.09293786437877244
1872000.0 11.229166666666666 12.0 12.375 0.14877967629759667 0.0928881398570891
1872600.0 11.243055555555555 12.0 12.364583333333334 0.14875691532962224 0.0928881398570891
1873200.0 11.256944444444445 12.0 12.354166666666666 0.14873415436164777 0.0928881398570891
1873800.0 11.270833333333334 12.0 12.34375 0.14871139339367334 0.0928881398570891
1874400.0 11.270833333333334 12.0 12.34375 0.1486886324256989 0.0928881398570891
1875000.0 11.270833333333334 12.0 12.34375 0.14866587145772445 0.0928881398570891
1875600.0 11.270833333333334 12.0 12.34375 0.14864311048975 0.0928881398570891
1876200.0 11.270833333333334 12.0 12.34375 0.14857482758582669 0.0928881398570891
1876800.0 11.270833333333334 12.0 12.34375 0.14850654468190333 0.0928881398570891
1877400.0 11.270833333333334 12.0 12.34375 0.14843826177798 0.0928881398570891
1878000.0 11.256944444444445 12.0 12.34375 0.1484837837139289 0.0928881398570891
1878600.0 11.243055555555555 12.0 12.34375 0.14852930564987776 0.0928881398570891
1879200.0 11.229166666666666 12.0 12.34375 0.14857482758582666 0.0928881398570891
1879800.0 11.215277777777777 12.0 12.34375 0.14866587145772445 0.0928881398570891
1880400.0 11.20138888888889 12.0 12.34375 0.1487569153296222 0.0928881398570891
1881000.0 11.1875 12.0 12.34375 0.14884795920152 0.0928881398570891
1881600.0 11.166666666666666 12.0 12.34375 0.14884795920152 0.0928881398570891
1882200.0 11.145833333333334 12.0 12.34375 0.14884795920152 0.0928881398570891
1882800.0 11.125 12.0 12.34375 0.14884795920152 0.0928881398570891
1883400.0 11.118055555555555 11.989583333333334 12.34375 0.14891624210544332 0.0928881398570891
1884000.0 11.11111111111111 11.979166666666666 12.34375 0.14898452500936668 0.0928881398570891
1884600.0 11.104166666666666 11.96875 12.34375 0.14905280791329 0.0928881398570891
1885200.0 11.07638888888889 11.958333333333334 12.34375 0.1490983298492389 0.0928881398570891
1885800.0 11.04861111111111 11.947916666666666 12.34375 0.1491438517851878 0.0928881398570891
1886400.0 11.020833333333334 11.9375 12.34375 0.1491893737211367 0.0928881398570891
1887000.0 10.993055555555555 11.9375 12.34375 0.14925765662506002 0.0928881398570891
1887600.0 10.965277777777779 11.9375 12.34375 0.14932593952898335 0.0928881398570891
1888200.0 10.9375 11.9375 12.34375 0.14939422243290668 0.0928881398570891
1888800.0 10.930555555555555 11.9375 12.333333333333334 0.14946250533683 0.0928881398570891
1889400.0 10.92361111111111 11.9375 12.322916666666666 0.14953078824075333 0.0928881398570891
1890000.0 10.916666666666666 11.9375 12.3125 0.14959907114467666 0.0928881398570891
1890600.0 10.895833333333332 11.916666666666666 12.3125 0.14964459308062555 0.0928881398570891
1891200.0 10.875 11.895833333333334 12.3125 0.14969011501657442 0.0928881398570891
1891800.0 10.854166666666666 11.875 12.3125 0.14973563695252332 0.0928881398570891
1892400.0 10.833333333333332 11.864583333333334 12.3125 0.14975839792049778 0.0928881398570891
1893000.0 10.8125 11.854166666666666 12.3125 0.1497811588884722 0.0928881398570891
1893600.0 10.791666666666666 11.84375 12.3125 0.14980391985644667 0.0928881398570891
1894200.0 10.777777777777777 11.833333333333334 12.3125 0.14987220276037 0.0928881398570891
1894800.0 10.76388888888889 11.822916666666666 12.3125 0.14994048566429333 0.0928881398570891
1895400.0 10.75 11.8125 12.3125 0.15000876856821665 0.0928881398570891
1896000.0 10.73611111111111 11.802083333333334 12.3125 0.15005429050416555 0.0928881398570891
1896600.0 10.722222222222223 11.791666666666666 12.3125 0.15009981244011444 0.0928881398570891
1897200.0 10.708333333333334 11.78125 12.3125 0.15014533437606334 0.0928881398570891
1897800.0 10.680555555555555 11.770833333333334 12.3125 0.15021361727998667 0.0928881398570891
1898400.0 10.652777777777779 11.760416666666666 12.3125 0.15028190018391 0.0928881398570891
1899000.0 10.625 11.75 12.3125 0.15035018308783332 0.0928881398570891
1899600.0 10.61111111111111 11.75 12.302083333333334 0.15037294405580778 0.0928881398570891
1900200.0 10.597222222222223 11.75 12.291666666666666 0.15039570502378222 0.0928881398570891
1900800.0 10.583333333333334 11.75 12.28125 0.15041846599175668 0.0928881398570891
